epoca,loss_train,loss_validation,validation_acc,validation_qwk,y_0,y_hat_0,loss_test-0,test-0_acc,test-0_qwk,y_1,y_hat_1,loss_test-1,test-1_acc,test-1_qwk,y_2,y_hat_2,loss_test-2,test-2_acc,test-2_qwk,y_3_cohesive,y_3_repetitions,y_3_inadequacies,y_3_monoblock,y_hat_3_cohesive,y_hat_3_repetitions,y_hat_3_inadequacies,y_hat_3_monoblock,loss_test-3,test-3_acc_cohesive,test-3_acc_repetitions,test-3_acc_inadequacies,test-3_acc_monoblock,test-3_qwk_cohesive,test-3_qwk_repetitions,test-3_qwk_inadequacies,test-3_qwk_monoblock,y_4_cohesive,y_4_repetitions,y_4_inadequacies,y_4_monoblock,y_hat_4_cohesive,y_hat_4_repetitions,y_hat_4_inadequacies,y_hat_4_monoblock,loss_test-4,test-4_acc_cohesive,test-4_acc_repetitions,test-4_acc_inadequacies,test-4_acc_monoblock,test-4_qwk_cohesive,test-4_qwk_repetitions,test-4_qwk_inadequacies,test-4_qwk_monoblock
0,,,,,"[3, 4, 4, 4, 3, 3, 3, 4, 3, 3, 3, 3, 3, 4, 4, 3, 3, 3, 4, 3, 3, 4, 2, 3, 4, 3, 3, 4, 3, 3, 2, 3, 3, 3, 4, 4, 4, 3, 4, 3, 3, 3, 4, 4, 2, 3, 4, 4, 3, 2, 3, 5, 4, 4, 4, 3, 3, 3, 3, 3, 2, 3, 3, 4, 3, 3, 3, 3, 5, 3, 4, 3, 4, 4, 3, 3, 3, 3, 3, 3, 4, 4, 3, 4, 5, 4, 4, 3, 3, 3, 4, 2, 3, 3, 3, 3, 2, 4, 3, 5, 3, 2, 3, 0, 3, 3, 4, 1, 4, 3, 4, 4, 3, 3, 4, 3, 3, 5, 4, 4, 4, 4, 4, 3, 3, 3, 3, 3, 3, 4, 4, 2, 3, 4, 3, 3, 3, 4]","[3, 3, 3, 3, 3, 3, 3, 3, 3, 3, 3, 3, 3, 3, 3, 3, 3, 3, 3, 3, 3, 3, 3, 3, 3, 3, 3, 3, 3, 3, 3, 3, 3, 3, 3, 3, 3, 3, 3, 3, 3, 3, 3, 3, 3, 3, 3, 3, 3, 3, 3, 3, 3, 3, 3, 3, 3, 3, 3, 3, 3, 3, 3, 3, 3, 3, 3, 3, 3, 3, 3, 3, 3, 3, 3, 3, 3, 3, 3, 3, 3, 3, 3, 3, 3, 3, 3, 3, 3, 3, 3, 3, 3, 3, 3, 3, 3, 3, 3, 3, 3, 3, 3, 3, 3, 3, 3, 3, 3, 3, 3, 3, 3, 3, 3, 3, 3, 3, 3, 3, 3, 3, 3, 3, 3, 3, 3, 3, 3, 3, 3, 3, 3, 3, 3, 3, 3, 3]",7.095305681228638,55.07246398925781,0.0,"[3, 3, 4, 3, 4, 4, 4, 3, 3, 3, 4, 4, 4, 4, 4, 3, 4, 4, 3, 4, 3, 3, 3, 4, 4, 5, 3]","[3, 3, 3, 3, 3, 3, 3, 3, 3, 3, 3, 3, 3, 3, 3, 3, 3, 3, 3, 3, 3, 3, 3, 3, 3, 3, 3]",1.5828737616539001,44.44444274902344,0.0,"[3, 3, 3, 3, 3, 3, 3, 4, 3, 2, 4, 3, 4, 3, 4, 3, 3, 4, 3, 3, 1, 3, 4, 3, 4, 3, 3]","[3, 3, 3, 3, 3, 3, 3, 3, 3, 3, 3, 3, 3, 3, 3, 3, 3, 3, 3, 3, 3, 3, 3, 3, 3, 3, 3]",1.5123675763607025,66.66666412353516,0.0,"[3, 3, 4, 3, 4, 4, 4, 3, 3, 3, 4, 4, 5, 4, 5, 4, 4, 5, 3, 4, 3, 3, 3, 4, 4, 5, 3]","[4, 4, 4, 3, 4, 4, 3, 4, 3, 4, 3, 4, 3, 3, 3, 2, 4, 4, 2, 3, 3, 4, 3, 3, 4, 4, 4]","[4, 3, 3, 4, 4, 3, 4, 4, 4, 4, 4, 4, 4, 3, 4, 4, 3, 3, 4, 4, 4, 4, 4, 4, 3, 4, 4]","[1, 1, 1, 1, 1, 1, 1, 1, 1, 1, 1, 1, 1, 1, 1, 1, 1, 1, 1, 1, 1, 1, 1, 1, 1, 1, 1]","[3, 3, 3, 3, 3, 3, 3, 3, 3, 3, 3, 3, 3, 3, 3, 3, 3, 3, 3, 3, 3, 3, 3, 3, 3, 3, 3]","[3, 3, 4, 3, 4, 4, 3, 4, 4, 4, 4, 4, 4, 4, 4, 4, 4, 4, 4, 4, 4, 4, 3, 4, 4, 4, 4]","[4, 4, 4, 4, 4, 4, 4, 4, 4, 4, 4, 4, 4, 4, 4, 4, 4, 4, 4, 4, 4, 4, 4, 4, 4, 4, 4]","[1, 1, 1, 1, 1, 1, 1, 1, 1, 1, 1, 1, 1, 1, 1, 1, 1, 1, 1, 1, 1, 1, 1, 1, 1, 1, 1]",0,40.74074074074074,55.55555555555556,74.07407407407408,100.0,0.0,0.02409638554216864,0.0,0.0,"[3, 4, 3, 3, 3, 3, 4, 4, 3, 2, 4, 4, 4, 4, 4, 3, 4, 4, 3, 3, 1, 3, 4, 4, 4, 3, 3]","[2, 3, 2, 2, 2, 2, 3, 3, 3, 2, 3, 3, 3, 2, 3, 2, 2, 3, 2, 2, 2, 2, 3, 3, 3, 2, 3]","[2, 2, 2, 2, 3, 2, 2, 3, 2, 2, 3, 2, 3, 2, 3, 2, 2, 3, 2, 2, 2, 2, 3, 2, 3, 2, 3]","[1, 1, 1, 1, 1, 1, 1, 1, 1, 1, 1, 1, 1, 1, 1, 1, 1, 1, 1, 1, 1, 1, 1, 1, 1, 1, 1]","[3, 3, 3, 3, 3, 3, 3, 3, 3, 3, 3, 3, 3, 3, 3, 3, 3, 3, 3, 3, 3, 3, 3, 3, 3, 3, 3]","[3, 3, 4, 3, 4, 4, 3, 4, 4, 4, 4, 4, 4, 4, 4, 4, 4, 4, 4, 4, 4, 4, 3, 4, 4, 4, 4]","[4, 4, 4, 4, 4, 4, 4, 4, 4, 4, 4, 4, 4, 4, 4, 4, 4, 4, 4, 4, 4, 4, 4, 4, 4, 4, 4]","[1, 1, 1, 1, 1, 1, 1, 1, 1, 1, 1, 1, 1, 1, 1, 1, 1, 1, 1, 1, 1, 1, 1, 1, 1, 1, 1]",0,44.44444444444444,11.11111111111111,0.0,100.0,0.0,-0.02015113350125941,0.0,0.0
1,0.34178873896598816,5.774895071983337,48.48484802246094,0.0,"[3, 4, 4, 4, 3, 3, 3, 4, 3, 3, 3, 3, 3, 4, 4, 3, 3, 3, 4, 3, 3, 4, 2, 3, 4, 3, 3, 4, 3, 3, 2, 3, 3, 3, 4, 4, 4, 3, 4, 3, 3, 3, 4, 4, 2, 3, 4, 4, 3, 2, 3, 5, 4, 4, 4, 3, 3, 3, 3, 3, 2, 3, 3, 4, 3, 3, 3, 3, 5, 3, 4, 3, 4, 4, 3, 3, 3, 3, 3, 3, 4, 4, 3, 4, 5, 4, 4, 3, 3, 3, 4, 2, 3, 3, 3, 3, 2, 4, 3, 5, 3, 2, 3, 0, 3, 3, 4, 1, 4, 3, 4, 4, 3, 3, 4, 3, 3, 5, 4, 4, 4, 4, 4, 3, 3, 3, 3, 3, 3, 4, 4, 2, 3, 4, 3, 3, 3, 4]","[3, 3, 3, 3, 3, 3, 3, 3, 3, 3, 3, 3, 3, 3, 3, 3, 3, 3, 3, 3, 3, 3, 3, 3, 3, 3, 3, 3, 3, 3, 3, 3, 3, 3, 3, 3, 3, 3, 3, 3, 3, 3, 3, 3, 3, 3, 3, 3, 3, 3, 3, 3, 3, 3, 3, 3, 3, 3, 3, 3, 3, 3, 3, 3, 3, 3, 3, 3, 3, 3, 3, 3, 3, 3, 3, 3, 3, 3, 3, 3, 3, 3, 3, 3, 3, 3, 3, 3, 3, 3, 3, 3, 3, 3, 3, 3, 3, 3, 3, 3, 3, 3, 3, 3, 3, 3, 3, 3, 3, 3, 3, 3, 3, 3, 3, 3, 3, 3, 3, 3, 3, 3, 3, 3, 3, 3, 3, 3, 3, 3, 3, 3, 3, 3, 3, 3, 3, 3]",5.840195536613464,55.07246398925781,0.0,"[3, 3, 4, 3, 4, 4, 4, 3, 3, 3, 4, 4, 4, 4, 4, 3, 4, 4, 3, 4, 3, 3, 3, 4, 4, 5, 3]","[3, 3, 3, 3, 3, 3, 3, 3, 3, 3, 3, 3, 3, 3, 3, 3, 3, 3, 3, 3, 3, 3, 3, 3, 3, 3, 3]",1.316990315914154,44.44444274902344,0.0,"[3, 3, 3, 3, 3, 3, 3, 4, 3, 2, 4, 3, 4, 3, 4, 3, 3, 4, 3, 3, 1, 3, 4, 3, 4, 3, 3]","[3, 3, 3, 3, 3, 3, 3, 3, 3, 3, 3, 3, 3, 3, 3, 3, 3, 3, 3, 3, 3, 3, 3, 3, 3, 3, 3]",1.2041990756988525,66.66666412353516,0.0,"[3, 3, 4, 3, 4, 4, 4, 3, 3, 3, 4, 4, 5, 4, 5, 4, 4, 5, 3, 4, 3, 3, 3, 4, 4, 5, 3]","[4, 4, 4, 3, 4, 4, 3, 4, 3, 4, 3, 4, 3, 3, 3, 2, 4, 4, 2, 3, 3, 4, 3, 3, 4, 4, 4]","[4, 3, 3, 4, 4, 3, 4, 4, 4, 4, 4, 4, 4, 3, 4, 4, 3, 3, 4, 4, 4, 4, 4, 4, 3, 4, 4]","[1, 1, 1, 1, 1, 1, 1, 1, 1, 1, 1, 1, 1, 1, 1, 1, 1, 1, 1, 1, 1, 1, 1, 1, 1, 1, 1]","[3, 3, 3, 3, 3, 3, 3, 3, 3, 3, 3, 3, 3, 3, 3, 3, 3, 3, 3, 3, 3, 3, 3, 3, 3, 3, 3]","[4, 4, 4, 4, 4, 4, 4, 4, 4, 4, 4, 4, 4, 4, 4, 4, 4, 4, 4, 4, 4, 4, 4, 4, 4, 4, 4]","[4, 4, 4, 4, 4, 4, 4, 4, 4, 4, 4, 4, 4, 4, 4, 4, 4, 4, 4, 4, 4, 4, 4, 4, 4, 4, 4]","[1, 1, 1, 1, 1, 1, 1, 1, 1, 1, 1, 1, 1, 1, 1, 1, 1, 1, 1, 1, 1, 1, 1, 1, 1, 1, 1]",0,40.74074074074074,51.85185185185185,74.07407407407408,100.0,0.0,0.0,0.0,0.0,"[3, 4, 3, 3, 3, 3, 4, 4, 3, 2, 4, 4, 4, 4, 4, 3, 4, 4, 3, 3, 1, 3, 4, 4, 4, 3, 3]","[2, 3, 2, 2, 2, 2, 3, 3, 3, 2, 3, 3, 3, 2, 3, 2, 2, 3, 2, 2, 2, 2, 3, 3, 3, 2, 3]","[2, 2, 2, 2, 3, 2, 2, 3, 2, 2, 3, 2, 3, 2, 3, 2, 2, 3, 2, 2, 2, 2, 3, 2, 3, 2, 3]","[1, 1, 1, 1, 1, 1, 1, 1, 1, 1, 1, 1, 1, 1, 1, 1, 1, 1, 1, 1, 1, 1, 1, 1, 1, 1, 1]","[3, 3, 3, 3, 3, 3, 3, 3, 3, 3, 3, 3, 3, 3, 3, 3, 3, 3, 3, 3, 3, 3, 3, 3, 3, 3, 3]","[4, 4, 4, 4, 4, 4, 4, 4, 4, 4, 4, 4, 4, 4, 4, 4, 4, 4, 4, 4, 4, 4, 4, 4, 4, 4, 4]","[4, 4, 4, 4, 4, 4, 4, 4, 4, 4, 4, 4, 4, 4, 4, 4, 4, 4, 4, 4, 4, 4, 4, 4, 4, 4, 4]","[1, 1, 1, 1, 1, 1, 1, 1, 1, 1, 1, 1, 1, 1, 1, 1, 1, 1, 1, 1, 1, 1, 1, 1, 1, 1, 1]",0,44.44444444444444,0.0,0.0,100.0,0.0,0.0,0.0,0.0
2,0.3335128724575043,5.508250683546066,48.48484802246094,0.0,,,5.5057308077812195,55.07246398925781,0.0,,,1.2536956667900085,44.44444274902344,0.0,,,1.1311780512332916,66.66666412353516,0.0,,,,,,,,,0,40.74074074074074,51.85185185185185,74.07407407407408,100.0,0.0,0.0,0.0,0.0,,,,,,,,,0,44.44444444444444,0.0,0.0,100.0,0.0,0.0,0.0,0.0
3,0.3135538697242737,5.374791353940964,48.48484802246094,0.0,,,5.284747436642647,55.07246398925781,0.0,,,1.2100756168365479,44.44444274902344,0.0,,,1.10145403444767,66.66666412353516,0.0,,,,,,,,,0,40.74074074074074,51.85185185185185,74.07407407407408,100.0,0.0,0.0,0.0,0.0,,,,,,,,,0,44.44444444444444,0.0,0.0,100.0,0.0,0.0,0.0,0.0
4,0.3055935204029083,5.229937821626663,48.48484802246094,0.0,,,5.127808630466461,55.07246398925781,0.0,,,1.1728436052799225,44.44444274902344,0.0,,,1.0933494418859482,66.66666412353516,0.0,,,,,,,,,0,40.74074074074074,51.85185185185185,74.07407407407408,100.0,0.0,0.0,0.0,0.0,,,,,,,,,0,44.44444444444444,0.0,0.0,100.0,0.0,0.0,0.0,0.0
5,0.3080405294895172,5.090709209442139,50.75757598876953,0.13905775075987847,"[3, 4, 4, 4, 3, 3, 3, 4, 3, 3, 3, 3, 3, 4, 4, 3, 3, 3, 4, 3, 3, 4, 2, 3, 4, 3, 3, 4, 3, 3, 2, 3, 3, 3, 4, 4, 4, 3, 4, 3, 3, 3, 4, 4, 2, 3, 4, 4, 3, 2, 3, 5, 4, 4, 4, 3, 3, 3, 3, 3, 2, 3, 3, 4, 3, 3, 3, 3, 5, 3, 4, 3, 4, 4, 3, 3, 3, 3, 3, 3, 4, 4, 3, 4, 5, 4, 4, 3, 3, 3, 4, 2, 3, 3, 3, 3, 2, 4, 3, 5, 3, 2, 3, 0, 3, 3, 4, 1, 4, 3, 4, 4, 3, 3, 4, 3, 3, 5, 4, 4, 4, 4, 4, 3, 3, 3, 3, 3, 3, 4, 4, 2, 3, 4, 3, 3, 3, 4]","[3, 3, 3, 4, 3, 3, 3, 3, 3, 3, 3, 3, 3, 3, 3, 3, 3, 3, 4, 3, 3, 3, 3, 3, 3, 3, 3, 3, 3, 3, 3, 3, 3, 3, 3, 3, 3, 3, 4, 3, 3, 3, 3, 3, 3, 3, 3, 3, 3, 3, 3, 3, 4, 3, 3, 3, 3, 3, 3, 3, 3, 3, 3, 3, 3, 3, 3, 3, 4, 3, 3, 3, 3, 3, 3, 3, 3, 3, 3, 3, 3, 3, 3, 3, 4, 3, 4, 3, 3, 3, 3, 3, 3, 3, 3, 3, 3, 3, 3, 3, 3, 3, 3, 3, 3, 3, 4, 3, 3, 3, 3, 3, 3, 3, 4, 3, 3, 4, 3, 3, 3, 3, 3, 3, 3, 3, 3, 3, 3, 3, 3, 3, 3, 3, 3, 3, 3, 3]",4.995909094810486,60.144927978515625,0.21665089877010413,"[3, 3, 4, 3, 4, 4, 4, 3, 3, 3, 4, 4, 4, 4, 4, 3, 4, 4, 3, 4, 3, 3, 3, 4, 4, 5, 3]","[3, 3, 3, 3, 3, 3, 3, 3, 3, 3, 3, 3, 3, 3, 4, 3, 3, 3, 3, 3, 3, 3, 3, 3, 3, 3, 3]",1.130260944366455,48.14814758300781,0.04573804573804563,"[3, 3, 3, 3, 3, 3, 3, 4, 3, 2, 4, 3, 4, 3, 4, 3, 3, 4, 3, 3, 1, 3, 4, 3, 4, 3, 3]","[3, 3, 3, 3, 3, 3, 3, 3, 3, 3, 3, 3, 3, 3, 4, 3, 3, 3, 3, 3, 3, 3, 3, 3, 3, 3, 3]",1.0972975343465805,70.37036895751953,0.13411078717201153,"[3, 3, 4, 3, 4, 4, 4, 3, 3, 3, 4, 4, 5, 4, 5, 4, 4, 5, 3, 4, 3, 3, 3, 4, 4, 5, 3]","[4, 4, 4, 3, 4, 4, 3, 4, 3, 4, 3, 4, 3, 3, 3, 2, 4, 4, 2, 3, 3, 4, 3, 3, 4, 4, 4]","[4, 3, 3, 4, 4, 3, 4, 4, 4, 4, 4, 4, 4, 3, 4, 4, 3, 3, 4, 4, 4, 4, 4, 4, 3, 4, 4]","[1, 1, 1, 1, 1, 1, 1, 1, 1, 1, 1, 1, 1, 1, 1, 1, 1, 1, 1, 1, 1, 1, 1, 1, 1, 1, 1]","[3, 3, 3, 3, 3, 3, 3, 3, 3, 3, 3, 3, 3, 3, 4, 3, 3, 3, 3, 3, 3, 3, 3, 3, 3, 3, 3]","[4, 4, 4, 4, 4, 4, 4, 4, 4, 4, 4, 4, 4, 4, 4, 4, 4, 4, 4, 4, 4, 4, 4, 4, 4, 4, 4]","[4, 4, 4, 4, 4, 4, 4, 4, 4, 4, 4, 4, 4, 4, 4, 4, 4, 4, 4, 4, 4, 4, 4, 4, 4, 4, 4]","[1, 1, 1, 1, 1, 1, 1, 1, 1, 1, 1, 1, 1, 1, 1, 1, 1, 1, 1, 1, 1, 1, 1, 1, 1, 1, 1]",0,40.74074074074074,51.85185185185185,74.07407407407408,100.0,0.0915208613728129,0.0,0.0,0.0,"[3, 4, 3, 3, 3, 3, 4, 4, 3, 2, 4, 4, 4, 4, 4, 3, 4, 4, 3, 3, 1, 3, 4, 4, 4, 3, 3]","[2, 3, 2, 2, 2, 2, 3, 3, 3, 2, 3, 3, 3, 2, 3, 2, 2, 3, 2, 2, 2, 2, 3, 3, 3, 2, 3]","[2, 2, 2, 2, 3, 2, 2, 3, 2, 2, 3, 2, 3, 2, 3, 2, 2, 3, 2, 2, 2, 2, 3, 2, 3, 2, 3]","[1, 1, 1, 1, 1, 1, 1, 1, 1, 1, 1, 1, 1, 1, 1, 1, 1, 1, 1, 1, 1, 1, 1, 1, 1, 1, 1]","[3, 3, 3, 3, 3, 3, 3, 3, 3, 3, 3, 3, 3, 3, 4, 3, 3, 3, 3, 3, 3, 3, 3, 3, 3, 3, 3]","[4, 4, 4, 4, 4, 4, 4, 4, 4, 4, 4, 4, 4, 4, 4, 4, 4, 4, 4, 4, 4, 4, 4, 4, 4, 4, 4]","[4, 4, 4, 4, 4, 4, 4, 4, 4, 4, 4, 4, 4, 4, 4, 4, 4, 4, 4, 4, 4, 4, 4, 4, 4, 4, 4]","[1, 1, 1, 1, 1, 1, 1, 1, 1, 1, 1, 1, 1, 1, 1, 1, 1, 1, 1, 1, 1, 1, 1, 1, 1, 1, 1]",0,48.148148148148145,0.0,0.0,100.0,0.06896551724137934,0.0,0.0,0.0
6,0.28850728273391724,4.969942435622215,58.33333206176758,0.3576433947573321,"[3, 4, 4, 4, 3, 3, 3, 4, 3, 3, 3, 3, 3, 4, 4, 3, 3, 3, 4, 3, 3, 4, 2, 3, 4, 3, 3, 4, 3, 3, 2, 3, 3, 3, 4, 4, 4, 3, 4, 3, 3, 3, 4, 4, 2, 3, 4, 4, 3, 2, 3, 5, 4, 4, 4, 3, 3, 3, 3, 3, 2, 3, 3, 4, 3, 3, 3, 3, 5, 3, 4, 3, 4, 4, 3, 3, 3, 3, 3, 3, 4, 4, 3, 4, 5, 4, 4, 3, 3, 3, 4, 2, 3, 3, 3, 3, 2, 4, 3, 5, 3, 2, 3, 0, 3, 3, 4, 1, 4, 3, 4, 4, 3, 3, 4, 3, 3, 5, 4, 4, 4, 4, 4, 3, 3, 3, 3, 3, 3, 4, 4, 2, 3, 4, 3, 3, 3, 4]","[3, 3, 3, 4, 3, 3, 3, 4, 3, 3, 3, 3, 3, 3, 4, 3, 3, 3, 4, 3, 3, 3, 3, 3, 3, 3, 3, 3, 3, 3, 3, 3, 3, 3, 4, 3, 3, 3, 4, 3, 4, 3, 3, 3, 3, 3, 3, 4, 3, 3, 3, 4, 4, 3, 3, 4, 3, 3, 4, 3, 3, 3, 3, 3, 3, 4, 3, 3, 4, 3, 3, 3, 3, 3, 3, 3, 3, 3, 3, 3, 3, 4, 3, 3, 4, 3, 4, 3, 3, 3, 3, 3, 4, 3, 3, 3, 3, 4, 3, 4, 3, 3, 3, 3, 3, 3, 4, 3, 4, 3, 4, 3, 3, 3, 4, 3, 3, 4, 3, 3, 3, 3, 3, 3, 3, 3, 3, 3, 3, 3, 3, 3, 3, 4, 3, 3, 3, 3]",4.870293438434601,63.043479919433594,0.3684676705048716,"[3, 3, 4, 3, 4, 4, 4, 3, 3, 3, 4, 4, 4, 4, 4, 3, 4, 4, 3, 4, 3, 3, 3, 4, 4, 5, 3]","[3, 3, 3, 3, 4, 3, 4, 4, 3, 3, 3, 3, 4, 3, 4, 3, 3, 4, 3, 3, 3, 3, 3, 3, 3, 4, 3]",1.084390565752983,59.25925827026367,0.3414634146341463,"[3, 3, 3, 3, 3, 3, 3, 4, 3, 2, 4, 3, 4, 3, 4, 3, 3, 4, 3, 3, 1, 3, 4, 3, 4, 3, 3]","[3, 3, 3, 3, 4, 3, 4, 4, 3, 3, 3, 3, 4, 3, 4, 3, 3, 4, 3, 3, 3, 3, 3, 3, 3, 4, 3]",1.1079196631908417,70.37036895751953,0.3501094091903719,"[3, 3, 4, 3, 4, 4, 4, 3, 3, 3, 4, 4, 5, 4, 5, 4, 4, 5, 3, 4, 3, 3, 3, 4, 4, 5, 3]","[4, 4, 4, 3, 4, 4, 3, 4, 3, 4, 3, 4, 3, 3, 3, 2, 4, 4, 2, 3, 3, 4, 3, 3, 4, 4, 4]","[4, 3, 3, 4, 4, 3, 4, 4, 4, 4, 4, 4, 4, 3, 4, 4, 3, 3, 4, 4, 4, 4, 4, 4, 3, 4, 4]","[1, 1, 1, 1, 1, 1, 1, 1, 1, 1, 1, 1, 1, 1, 1, 1, 1, 1, 1, 1, 1, 1, 1, 1, 1, 1, 1]","[3, 3, 3, 3, 4, 3, 4, 4, 3, 3, 3, 3, 4, 3, 4, 3, 3, 4, 3, 3, 3, 3, 3, 3, 3, 4, 3]","[4, 4, 4, 4, 4, 4, 4, 4, 4, 4, 4, 4, 4, 4, 4, 4, 4, 4, 4, 4, 4, 4, 4, 4, 4, 4, 4]","[4, 4, 4, 4, 4, 4, 4, 4, 4, 4, 4, 4, 4, 4, 4, 4, 4, 4, 4, 4, 4, 4, 4, 4, 4, 4, 4]","[1, 1, 1, 1, 1, 1, 1, 1, 1, 1, 1, 1, 1, 1, 1, 1, 1, 1, 1, 1, 1, 1, 1, 1, 1, 1, 1]",0,44.44444444444444,51.85185185185185,74.07407407407408,100.0,0.39097744360902253,0.0,0.0,0.0,"[3, 4, 3, 3, 3, 3, 4, 4, 3, 2, 4, 4, 4, 4, 4, 3, 4, 4, 3, 3, 1, 3, 4, 4, 4, 3, 3]","[2, 3, 2, 2, 2, 2, 3, 3, 3, 2, 3, 3, 3, 2, 3, 2, 2, 3, 2, 2, 2, 2, 3, 3, 3, 2, 3]","[2, 2, 2, 2, 3, 2, 2, 3, 2, 2, 3, 2, 3, 2, 3, 2, 2, 3, 2, 2, 2, 2, 3, 2, 3, 2, 3]","[1, 1, 1, 1, 1, 1, 1, 1, 1, 1, 1, 1, 1, 1, 1, 1, 1, 1, 1, 1, 1, 1, 1, 1, 1, 1, 1]","[3, 3, 3, 3, 4, 3, 4, 4, 3, 3, 3, 3, 4, 3, 4, 3, 3, 4, 3, 3, 3, 3, 3, 3, 3, 4, 3]","[4, 4, 4, 4, 4, 4, 4, 4, 4, 4, 4, 4, 4, 4, 4, 4, 4, 4, 4, 4, 4, 4, 4, 4, 4, 4, 4]","[4, 4, 4, 4, 4, 4, 4, 4, 4, 4, 4, 4, 4, 4, 4, 4, 4, 4, 4, 4, 4, 4, 4, 4, 4, 4, 4]","[1, 1, 1, 1, 1, 1, 1, 1, 1, 1, 1, 1, 1, 1, 1, 1, 1, 1, 1, 1, 1, 1, 1, 1, 1, 1, 1]",0,55.55555555555556,0.0,0.0,100.0,0.2429906542056075,0.0,0.0,0.0
7,0.25148966908454895,4.892046719789505,59.84848403930664,0.42090099528548974,"[3, 4, 4, 4, 3, 3, 3, 4, 3, 3, 3, 3, 3, 4, 4, 3, 3, 3, 4, 3, 3, 4, 2, 3, 4, 3, 3, 4, 3, 3, 2, 3, 3, 3, 4, 4, 4, 3, 4, 3, 3, 3, 4, 4, 2, 3, 4, 4, 3, 2, 3, 5, 4, 4, 4, 3, 3, 3, 3, 3, 2, 3, 3, 4, 3, 3, 3, 3, 5, 3, 4, 3, 4, 4, 3, 3, 3, 3, 3, 3, 4, 4, 3, 4, 5, 4, 4, 3, 3, 3, 4, 2, 3, 3, 3, 3, 2, 4, 3, 5, 3, 2, 3, 0, 3, 3, 4, 1, 4, 3, 4, 4, 3, 3, 4, 3, 3, 5, 4, 4, 4, 4, 4, 3, 3, 3, 3, 3, 3, 4, 4, 2, 3, 4, 3, 3, 3, 4]","[3, 4, 3, 4, 3, 3, 3, 4, 3, 3, 3, 3, 3, 3, 4, 3, 3, 3, 4, 3, 3, 3, 3, 3, 3, 3, 3, 3, 3, 3, 3, 3, 3, 3, 4, 3, 4, 3, 4, 3, 4, 3, 4, 4, 3, 3, 3, 4, 4, 3, 3, 4, 4, 3, 3, 4, 3, 3, 4, 3, 3, 3, 3, 4, 3, 4, 3, 3, 4, 3, 3, 3, 3, 3, 3, 4, 3, 3, 3, 3, 4, 4, 3, 3, 4, 4, 4, 3, 3, 3, 4, 3, 4, 3, 4, 3, 3, 4, 3, 4, 3, 3, 3, 3, 3, 3, 4, 3, 4, 3, 4, 4, 3, 3, 4, 3, 3, 4, 3, 3, 3, 3, 4, 4, 3, 3, 3, 3, 3, 3, 3, 3, 3, 4, 3, 3, 3, 3]",4.758693888783455,67.39130401611328,0.459731543624161,"[3, 3, 4, 3, 4, 4, 4, 3, 3, 3, 4, 4, 4, 4, 4, 3, 4, 4, 3, 4, 3, 3, 3, 4, 4, 5, 3]","[3, 3, 4, 3, 4, 3, 4, 4, 3, 3, 3, 4, 4, 4, 4, 4, 3, 4, 3, 3, 3, 3, 3, 4, 4, 4, 3]",1.045696422457695,74.0740737915039,0.5510688836104513,"[3, 3, 3, 3, 3, 3, 3, 4, 3, 2, 4, 3, 4, 3, 4, 3, 3, 4, 3, 3, 1, 3, 4, 3, 4, 3, 3]","[3, 3, 4, 3, 4, 3, 4, 4, 3, 3, 3, 4, 4, 4, 4, 4, 3, 4, 3, 3, 3, 3, 3, 4, 4, 4, 3]",1.1269846856594086,55.55555725097656,0.29071803852889666,"[3, 3, 4, 3, 4, 4, 4, 3, 3, 3, 4, 4, 5, 4, 5, 4, 4, 5, 3, 4, 3, 3, 3, 4, 4, 5, 3]","[4, 4, 4, 3, 4, 4, 3, 4, 3, 4, 3, 4, 3, 3, 3, 2, 4, 4, 2, 3, 3, 4, 3, 3, 4, 4, 4]","[4, 3, 3, 4, 4, 3, 4, 4, 4, 4, 4, 4, 4, 3, 4, 4, 3, 3, 4, 4, 4, 4, 4, 4, 3, 4, 4]","[1, 1, 1, 1, 1, 1, 1, 1, 1, 1, 1, 1, 1, 1, 1, 1, 1, 1, 1, 1, 1, 1, 1, 1, 1, 1, 1]","[3, 3, 4, 3, 4, 3, 4, 4, 3, 3, 3, 4, 4, 4, 4, 4, 3, 4, 3, 3, 3, 3, 3, 4, 4, 4, 3]","[4, 4, 4, 4, 4, 4, 4, 4, 4, 4, 4, 4, 4, 4, 4, 4, 4, 4, 4, 4, 4, 4, 4, 4, 4, 4, 4]","[4, 4, 4, 4, 4, 4, 4, 4, 4, 4, 4, 4, 4, 4, 4, 4, 4, 4, 4, 4, 4, 4, 4, 4, 4, 4, 4]","[1, 1, 1, 1, 1, 1, 1, 1, 1, 1, 1, 1, 1, 1, 1, 1, 1, 1, 1, 1, 1, 1, 1, 1, 1, 1, 1]",0,66.66666666666666,51.85185185185185,74.07407407407408,100.0,0.58603066439523,0.0,0.0,0.0,"[3, 4, 3, 3, 3, 3, 4, 4, 3, 2, 4, 4, 4, 4, 4, 3, 4, 4, 3, 3, 1, 3, 4, 4, 4, 3, 3]","[2, 3, 2, 2, 2, 2, 3, 3, 3, 2, 3, 3, 3, 2, 3, 2, 2, 3, 2, 2, 2, 2, 3, 3, 3, 2, 3]","[2, 2, 2, 2, 3, 2, 2, 3, 2, 2, 3, 2, 3, 2, 3, 2, 2, 3, 2, 2, 2, 2, 3, 2, 3, 2, 3]","[1, 1, 1, 1, 1, 1, 1, 1, 1, 1, 1, 1, 1, 1, 1, 1, 1, 1, 1, 1, 1, 1, 1, 1, 1, 1, 1]","[3, 3, 4, 3, 4, 3, 4, 4, 3, 3, 3, 4, 4, 4, 4, 4, 3, 4, 3, 3, 3, 3, 3, 4, 4, 4, 3]","[4, 4, 4, 4, 4, 4, 4, 4, 4, 4, 4, 4, 4, 4, 4, 4, 4, 4, 4, 4, 4, 4, 4, 4, 4, 4, 4]","[4, 4, 4, 4, 4, 4, 4, 4, 4, 4, 4, 4, 4, 4, 4, 4, 4, 4, 4, 4, 4, 4, 4, 4, 4, 4, 4]","[1, 1, 1, 1, 1, 1, 1, 1, 1, 1, 1, 1, 1, 1, 1, 1, 1, 1, 1, 1, 1, 1, 1, 1, 1, 1, 1]",0,62.96296296296296,0.0,0.0,100.0,0.39168110918544197,0.0,0.0,0.0
8,0.24892424046993256,4.846147760748863,59.09090805053711,0.43448457685209596,"[3, 4, 4, 4, 3, 3, 3, 4, 3, 3, 3, 3, 3, 4, 4, 3, 3, 3, 4, 3, 3, 4, 2, 3, 4, 3, 3, 4, 3, 3, 2, 3, 3, 3, 4, 4, 4, 3, 4, 3, 3, 3, 4, 4, 2, 3, 4, 4, 3, 2, 3, 5, 4, 4, 4, 3, 3, 3, 3, 3, 2, 3, 3, 4, 3, 3, 3, 3, 5, 3, 4, 3, 4, 4, 3, 3, 3, 3, 3, 3, 4, 4, 3, 4, 5, 4, 4, 3, 3, 3, 4, 2, 3, 3, 3, 3, 2, 4, 3, 5, 3, 2, 3, 0, 3, 3, 4, 1, 4, 3, 4, 4, 3, 3, 4, 3, 3, 5, 4, 4, 4, 4, 4, 3, 3, 3, 3, 3, 3, 4, 4, 2, 3, 4, 3, 3, 3, 4]","[3, 4, 3, 4, 3, 3, 3, 4, 3, 4, 3, 3, 3, 3, 4, 4, 3, 3, 4, 3, 3, 4, 3, 3, 4, 3, 3, 3, 3, 3, 3, 3, 3, 3, 4, 4, 4, 3, 4, 3, 4, 3, 4, 4, 3, 3, 3, 4, 4, 3, 3, 4, 4, 3, 4, 4, 3, 3, 4, 3, 3, 3, 4, 4, 3, 4, 3, 3, 4, 3, 3, 3, 3, 4, 3, 4, 3, 3, 3, 3, 4, 4, 3, 3, 4, 4, 4, 3, 3, 3, 4, 3, 4, 3, 4, 3, 3, 4, 3, 4, 3, 3, 3, 3, 3, 3, 4, 3, 4, 3, 4, 4, 3, 3, 4, 3, 3, 4, 4, 3, 3, 3, 4, 4, 3, 3, 3, 3, 3, 3, 4, 3, 3, 4, 3, 3, 3, 3]",4.67426623404026,70.28985595703125,0.5165723524656427,"[3, 3, 4, 3, 4, 4, 4, 3, 3, 3, 4, 4, 4, 4, 4, 3, 4, 4, 3, 4, 3, 3, 3, 4, 4, 5, 3]","[3, 3, 4, 3, 4, 3, 4, 4, 3, 3, 3, 4, 4, 4, 4, 4, 4, 4, 3, 3, 3, 3, 4, 4, 4, 4, 3]",1.0102587789297104,74.0740737915039,0.5401459854014599,"[3, 3, 3, 3, 3, 3, 3, 4, 3, 2, 4, 3, 4, 3, 4, 3, 3, 4, 3, 3, 1, 3, 4, 3, 4, 3, 3]","[3, 3, 4, 3, 4, 3, 4, 4, 3, 3, 3, 4, 4, 4, 4, 4, 4, 4, 3, 3, 3, 3, 4, 4, 4, 4, 3]",1.1507936716079712,55.55555725097656,0.3349753694581281,"[3, 3, 4, 3, 4, 4, 4, 3, 3, 3, 4, 4, 5, 4, 5, 4, 4, 5, 3, 4, 3, 3, 3, 4, 4, 5, 3]","[4, 4, 4, 3, 4, 4, 3, 4, 3, 4, 3, 4, 3, 3, 3, 2, 4, 4, 2, 3, 3, 4, 3, 3, 4, 4, 4]","[4, 3, 3, 4, 4, 3, 4, 4, 4, 4, 4, 4, 4, 3, 4, 4, 3, 3, 4, 4, 4, 4, 4, 4, 3, 4, 4]","[1, 1, 1, 1, 1, 1, 1, 1, 1, 1, 1, 1, 1, 1, 1, 1, 1, 1, 1, 1, 1, 1, 1, 1, 1, 1, 1]","[3, 3, 4, 3, 4, 3, 4, 4, 3, 3, 3, 4, 4, 4, 4, 4, 4, 4, 3, 3, 3, 3, 4, 4, 4, 4, 3]","[4, 4, 4, 4, 4, 4, 4, 4, 4, 4, 4, 4, 4, 4, 4, 4, 4, 4, 4, 4, 4, 4, 4, 4, 4, 4, 4]","[4, 4, 4, 4, 4, 4, 4, 4, 4, 4, 4, 4, 4, 4, 4, 4, 4, 4, 4, 4, 4, 4, 4, 4, 4, 4, 4]","[1, 1, 1, 1, 1, 1, 1, 1, 1, 1, 1, 1, 1, 1, 1, 1, 1, 1, 1, 1, 1, 1, 1, 1, 1, 1, 1]",0,66.66666666666666,51.85185185185185,74.07407407407408,100.0,0.5668449197860962,0.0,0.0,0.0,"[3, 4, 3, 3, 3, 3, 4, 4, 3, 2, 4, 4, 4, 4, 4, 3, 4, 4, 3, 3, 1, 3, 4, 4, 4, 3, 3]","[2, 3, 2, 2, 2, 2, 3, 3, 3, 2, 3, 3, 3, 2, 3, 2, 2, 3, 2, 2, 2, 2, 3, 3, 3, 2, 3]","[2, 2, 2, 2, 3, 2, 2, 3, 2, 2, 3, 2, 3, 2, 3, 2, 2, 3, 2, 2, 2, 2, 3, 2, 3, 2, 3]","[1, 1, 1, 1, 1, 1, 1, 1, 1, 1, 1, 1, 1, 1, 1, 1, 1, 1, 1, 1, 1, 1, 1, 1, 1, 1, 1]","[3, 3, 4, 3, 4, 3, 4, 4, 3, 3, 3, 4, 4, 4, 4, 4, 4, 4, 3, 3, 3, 3, 4, 4, 4, 4, 3]","[4, 4, 4, 4, 4, 4, 4, 4, 4, 4, 4, 4, 4, 4, 4, 4, 4, 4, 4, 4, 4, 4, 4, 4, 4, 4, 4]","[4, 4, 4, 4, 4, 4, 4, 4, 4, 4, 4, 4, 4, 4, 4, 4, 4, 4, 4, 4, 4, 4, 4, 4, 4, 4, 4]","[1, 1, 1, 1, 1, 1, 1, 1, 1, 1, 1, 1, 1, 1, 1, 1, 1, 1, 1, 1, 1, 1, 1, 1, 1, 1, 1]",0,70.37037037037037,0.0,0.0,100.0,0.4974619289340102,0.0,0.0,0.0
9,0.254262775182724,4.812238618731499,59.09090805053711,0.43448457685209596,,,4.613606557250023,68.840576171875,0.5016051364365972,,,0.9807271659374237,77.77777862548828,0.5909090909090909,,,1.1662702858448029,51.85185241699219,0.3513513513513514,,,,,,,,,0,70.37037037037037,51.85185185185185,74.07407407407408,100.0,0.5862068965517241,0.0,0.0,0.0,,,,,,,,,0,74.07407407407408,0.0,0.0,100.0,0.5588235294117647,0.0,0.0,0.0
10,0.2179265171289444,4.7960051745176315,59.09090805053711,0.4337381203801478,,,4.563894554972649,68.840576171875,0.5016051364365972,,,0.9543998688459396,77.77777862548828,0.5909090909090909,,,1.182638019323349,51.85185241699219,0.3513513513513514,,,,,,,,,0,70.37037037037037,51.85185185185185,74.07407407407408,100.0,0.5862068965517241,0.0,0.0,0.0,,,,,,,,,0,74.07407407407408,0.0,0.0,100.0,0.5588235294117647,0.0,0.0,0.0
11,0.2278333455324173,4.810898795723915,59.09090805053711,0.4337381203801478,,,4.556894153356552,68.840576171875,0.5016051364365972,,,0.9499109238386154,77.77777862548828,0.5909090909090909,,,1.2253267765045166,51.85185241699219,0.3513513513513514,,,,,,,,,0,70.37037037037037,51.85185185185185,74.07407407407408,100.0,0.5862068965517241,0.0,0.0,0.0,,,,,,,,,0,74.07407407407408,0.0,0.0,100.0,0.5588235294117647,0.0,0.0,0.0
12,0.2052585333585739,4.805456101894379,59.09090805053711,0.4337381203801478,,,4.5392986536026,68.840576171875,0.5016051364365972,,,0.9292999356985092,77.77777862548828,0.5909090909090909,,,1.2258940041065216,51.85185241699219,0.3513513513513514,,,,,,,,,0,70.37037037037037,51.85185185185185,74.07407407407408,100.0,0.5862068965517241,0.0,0.0,0.0,,,,,,,,,0,74.07407407407408,0.0,0.0,100.0,0.5588235294117647,0.0,0.0,0.0
13,0.20442263782024384,4.827243328094482,59.09090805053711,0.4337381203801478,,,4.556667238473892,68.840576171875,0.5016051364365972,,,0.9208466112613678,77.77777862548828,0.5909090909090909,,,1.2441331148147583,51.85185241699219,0.3513513513513514,,,,,,,,,0,70.37037037037037,51.85185185185185,74.07407407407408,100.0,0.5862068965517241,0.0,0.0,0.0,,,,,,,,,0,74.07407407407408,0.0,0.0,100.0,0.5588235294117647,0.0,0.0,0.0
14,0.1914839893579483,4.8217184990644455,59.84848403930664,0.41708410229369886,,,4.56108495593071,68.840576171875,0.5016051364365972,,,0.9124870002269745,77.77777862548828,0.5909090909090909,,,1.2666269540786743,51.85185241699219,0.3513513513513514,,,,,,,,,0,70.37037037037037,51.85185185185185,74.07407407407408,100.0,0.5862068965517241,0.0,0.0,0.0,,,,,,,,,0,74.07407407407408,0.0,0.0,100.0,0.5588235294117647,0.0,0.0,0.0
15,0.1650991439819336,4.839852750301361,59.09090805053711,0.4337381203801478,,,4.573034405708313,70.28985595703125,0.5165723524656427,,,0.8815795481204987,77.77777862548828,0.5909090909090909,,,1.2610338926315308,51.85185241699219,0.3513513513513514,,,,,,,,,0,70.37037037037037,51.85185185185185,74.07407407407408,100.0,0.5862068965517241,0.0,0.0,0.0,,,,,,,,,0,74.07407407407408,0.0,0.0,100.0,0.5588235294117647,0.0,0.0,0.0
16,0.17619968950748444,4.8538063913583755,59.84848403930664,0.41708410229369886,,,4.598340645432472,68.840576171875,0.5016051364365972,,,0.8862665593624115,74.0740737915039,0.5166240409207161,,,1.3039270043373108,51.85185241699219,0.2510948905109489,,,,,,,,,0,66.66666666666666,51.85185185185185,74.07407407407408,100.0,0.5225933202357564,0.0,0.0,0.0,,,,,,,,,0,74.07407407407408,0.0,0.0,100.0,0.43295638126009695,0.0,0.0,0.0
17,0.19283564388751984,4.871811628341675,59.84848403930664,0.41708410229369886,,,4.629580795764923,68.840576171875,0.5016051364365972,,,0.892196536064148,70.37036895751953,0.44041450777202074,,,1.3461378812789917,48.14814758300781,0.23295454545454541,,,,,,,,,0,62.96296296296296,51.85185185185185,74.07407407407408,100.0,0.4556451612903226,0.0,0.0,0.0,,,,,,,,,0,70.37037037037037,0.0,0.0,100.0,0.39616613418530355,0.0,0.0,0.0
18,0.19473780691623688,4.877733200788498,59.84848403930664,0.41708410229369886,,,4.638142265379429,70.28985595703125,0.5165723524656427,,,0.8906407058238983,70.37036895751953,0.44041450777202074,,,1.3522824347019196,48.14814758300781,0.23295454545454541,,,,,,,,,0,62.96296296296296,51.85185185185185,74.07407407407408,100.0,0.4556451612903226,0.0,0.0,0.0,,,,,,,,,0,70.37037037037037,0.0,0.0,100.0,0.39616613418530355,0.0,0.0,0.0
19,0.17906902730464935,4.919694945216179,59.84848403930664,0.41708410229369886,,,4.653117932379246,68.840576171875,0.505179282868526,,,0.8995033353567123,70.37036895751953,0.44041450777202074,,,1.3836519122123718,48.14814758300781,0.23295454545454541,,,,,,,,,0,62.96296296296296,51.85185185185185,74.07407407407408,100.0,0.4556451612903226,0.0,0.0,0.0,,,,,,,,,0,70.37037037037037,0.0,0.0,100.0,0.39616613418530355,0.0,0.0,0.0
20,0.1634800285100937,4.983880400657654,59.84848403930664,0.41708410229369886,,,4.690307170152664,67.39130401611328,0.4905063291139241,,,0.9117449373006821,70.37036895751953,0.44041450777202074,,,1.4052521884441376,48.14814758300781,0.23295454545454541,,,,,,,,,0,62.96296296296296,51.85185185185185,74.07407407407408,100.0,0.4556451612903226,0.0,0.0,0.0,,,,,,,,,0,70.37037037037037,0.0,0.0,100.0,0.39616613418530355,0.0,0.0,0.0
21,0.17032279074192047,5.048344537615776,59.84848403930664,0.41708410229369886,,,4.708297044038773,63.043479919433594,0.447714949651433,,,0.9353594183921814,66.66666412353516,0.36220472440944884,,,1.463717758655548,44.44444274902344,0.2157676348547718,,,,,,,,,0,59.25925925925925,51.85185185185185,74.07407407407408,100.0,0.3850931677018632,0.0,0.0,0.0,,,,,,,,,0,66.66666666666666,0.0,0.0,100.0,0.3601895734597157,0.0,0.0,0.0
22,0.18033014237880707,5.144561007618904,58.33333206176758,0.39730015881418745,,,4.757510155439377,63.043479919433594,0.447714949651433,,,0.9572602808475494,62.96296310424805,0.2819148936170214,,,1.5159306824207306,40.74074172973633,0.19946091644204844,,,,,,,,,0,55.55555555555556,51.85185185185185,74.07407407407408,100.0,0.31063829787234043,0.0,0.0,0.0,,,,,,,,,0,62.96296296296296,0.0,0.0,100.0,0.32499999999999996,0.0,0.0,0.0
23,0.1458958238363266,5.126918360590935,59.09090805053711,0.43223928004235057,,,4.750344827771187,63.043479919433594,0.447714949651433,,,0.9538008719682693,62.96296310424805,0.2819148936170214,,,1.5274169445037842,40.74074172973633,0.19946091644204844,,,,,,,,,0,55.55555555555556,51.85185185185185,74.07407407407408,100.0,0.31063829787234043,0.0,0.0,0.0,,,,,,,,,0,62.96296296296296,0.0,0.0,100.0,0.32499999999999996,0.0,0.0,0.0
24,0.1925816386938095,5.184173196554184,57.57575607299805,0.41399416909621,,,4.798430234193802,63.043479919433594,0.447714949651433,,,0.9616316854953766,62.96296310424805,0.2819148936170214,,,1.5596720576286316,40.74074172973633,0.19946091644204844,,,,,,,,,0,55.55555555555556,51.85185185185185,74.07407407407408,100.0,0.31063829787234043,0.0,0.0,0.0,,,,,,,,,0,62.96296296296296,0.0,0.0,100.0,0.32499999999999996,0.0,0.0,0.0
25,0.1432008296251297,5.135870844125748,61.3636360168457,0.4337381203801478,,,4.8066331297159195,63.043479919433594,0.447714949651433,,,0.9369382560253143,66.66666412353516,0.36220472440944884,,,1.5368480384349823,44.44444274902344,0.2157676348547718,,,,,,,,,0,59.25925925925925,51.85185185185185,74.07407407407408,100.0,0.3850931677018632,0.0,0.0,0.0,,,,,,,,,0,66.66666666666666,0.0,0.0,100.0,0.3601895734597157,0.0,0.0,0.0
26,0.13276070356369019,5.189722567796707,57.57575607299805,0.41399416909621,,,4.857573583722115,63.043479919433594,0.447714949651433,,,0.9696638435125351,62.96296310424805,0.2819148936170214,,,1.5904686450958252,40.74074172973633,0.19946091644204844,,,,,,,,,0,55.55555555555556,51.85185185185185,74.07407407407408,100.0,0.31063829787234043,0.0,0.0,0.0,,,,,,,,,0,62.96296296296296,0.0,0.0,100.0,0.32499999999999996,0.0,0.0,0.0
27,0.13104599714279175,5.160272598266602,60.60606002807617,0.4504361617763679,"[3, 4, 4, 4, 3, 3, 3, 4, 3, 3, 3, 3, 3, 4, 4, 3, 3, 3, 4, 3, 3, 4, 2, 3, 4, 3, 3, 4, 3, 3, 2, 3, 3, 3, 4, 4, 4, 3, 4, 3, 3, 3, 4, 4, 2, 3, 4, 4, 3, 2, 3, 5, 4, 4, 4, 3, 3, 3, 3, 3, 2, 3, 3, 4, 3, 3, 3, 3, 5, 3, 4, 3, 4, 4, 3, 3, 3, 3, 3, 3, 4, 4, 3, 4, 5, 4, 4, 3, 3, 3, 4, 2, 3, 3, 3, 3, 2, 4, 3, 5, 3, 2, 3, 0, 3, 3, 4, 1, 4, 3, 4, 4, 3, 3, 4, 3, 3, 5, 4, 4, 4, 4, 4, 3, 3, 3, 3, 3, 3, 4, 4, 2, 3, 4, 3, 3, 3, 4]","[4, 4, 3, 4, 3, 3, 3, 4, 4, 4, 3, 4, 3, 3, 4, 4, 3, 3, 4, 3, 3, 4, 3, 3, 4, 3, 3, 3, 3, 3, 3, 3, 4, 3, 4, 4, 4, 3, 4, 3, 4, 4, 4, 4, 3, 3, 3, 4, 4, 3, 3, 4, 4, 3, 4, 4, 3, 3, 4, 4, 3, 3, 4, 4, 3, 4, 3, 4, 4, 3, 3, 3, 3, 4, 3, 4, 4, 3, 3, 3, 4, 4, 3, 4, 4, 4, 4, 3, 3, 3, 4, 3, 4, 4, 4, 3, 3, 4, 3, 4, 3, 3, 3, 3, 3, 4, 4, 3, 4, 3, 4, 4, 3, 3, 4, 3, 3, 4, 4, 3, 3, 3, 4, 4, 3, 3, 3, 3, 3, 3, 4, 3, 4, 4, 3, 3, 3, 3]",4.860395818948746,63.043479919433594,0.447714949651433,"[3, 3, 4, 3, 4, 4, 4, 3, 3, 3, 4, 4, 4, 4, 4, 3, 4, 4, 3, 4, 3, 3, 3, 4, 4, 5, 3]","[3, 4, 4, 4, 4, 4, 4, 4, 3, 4, 4, 4, 4, 4, 4, 4, 4, 4, 4, 3, 3, 3, 4, 4, 4, 4, 4]",0.9471157342195511,62.96296310424805,0.2819148936170214,"[3, 3, 3, 3, 3, 3, 3, 4, 3, 2, 4, 3, 4, 3, 4, 3, 3, 4, 3, 3, 1, 3, 4, 3, 4, 3, 3]","[3, 4, 4, 4, 4, 4, 4, 4, 3, 4, 4, 4, 4, 4, 4, 4, 4, 4, 4, 3, 3, 3, 4, 4, 4, 4, 4]",1.5815257728099823,40.74074172973633,0.19946091644204844,"[3, 3, 4, 3, 4, 4, 4, 3, 3, 3, 4, 4, 5, 4, 5, 4, 4, 5, 3, 4, 3, 3, 3, 4, 4, 5, 3]","[4, 4, 4, 3, 4, 4, 3, 4, 3, 4, 3, 4, 3, 3, 3, 2, 4, 4, 2, 3, 3, 4, 3, 3, 4, 4, 4]","[4, 3, 3, 4, 4, 3, 4, 4, 4, 4, 4, 4, 4, 3, 4, 4, 3, 3, 4, 4, 4, 4, 4, 4, 3, 4, 4]","[1, 1, 1, 1, 1, 1, 1, 1, 1, 1, 1, 1, 1, 1, 1, 1, 1, 1, 1, 1, 1, 1, 1, 1, 1, 1, 1]","[3, 4, 4, 4, 4, 4, 4, 4, 3, 4, 4, 4, 4, 4, 4, 4, 4, 4, 4, 3, 3, 3, 4, 4, 4, 4, 4]","[4, 4, 4, 4, 4, 4, 4, 4, 4, 4, 4, 4, 4, 4, 4, 4, 4, 4, 4, 4, 4, 4, 4, 4, 4, 4, 4]","[4, 4, 4, 4, 4, 4, 4, 4, 4, 4, 4, 4, 4, 4, 4, 4, 4, 4, 4, 4, 4, 4, 4, 4, 4, 4, 4]","[1, 1, 1, 1, 1, 1, 1, 1, 1, 1, 1, 1, 1, 1, 1, 1, 1, 1, 1, 1, 1, 1, 1, 1, 1, 1, 1]",0,55.55555555555556,51.85185185185185,74.07407407407408,100.0,0.31063829787234043,0.0,0.0,0.0,"[3, 4, 3, 3, 3, 3, 4, 4, 3, 2, 4, 4, 4, 4, 4, 3, 4, 4, 3, 3, 1, 3, 4, 4, 4, 3, 3]","[2, 3, 2, 2, 2, 2, 3, 3, 3, 2, 3, 3, 3, 2, 3, 2, 2, 3, 2, 2, 2, 2, 3, 3, 3, 2, 3]","[2, 2, 2, 2, 3, 2, 2, 3, 2, 2, 3, 2, 3, 2, 3, 2, 2, 3, 2, 2, 2, 2, 3, 2, 3, 2, 3]","[1, 1, 1, 1, 1, 1, 1, 1, 1, 1, 1, 1, 1, 1, 1, 1, 1, 1, 1, 1, 1, 1, 1, 1, 1, 1, 1]","[3, 4, 4, 4, 4, 4, 4, 4, 3, 4, 4, 4, 4, 4, 4, 4, 4, 4, 4, 3, 3, 3, 4, 4, 4, 4, 4]","[4, 4, 4, 4, 4, 4, 4, 4, 4, 4, 4, 4, 4, 4, 4, 4, 4, 4, 4, 4, 4, 4, 4, 4, 4, 4, 4]","[4, 4, 4, 4, 4, 4, 4, 4, 4, 4, 4, 4, 4, 4, 4, 4, 4, 4, 4, 4, 4, 4, 4, 4, 4, 4, 4]","[1, 1, 1, 1, 1, 1, 1, 1, 1, 1, 1, 1, 1, 1, 1, 1, 1, 1, 1, 1, 1, 1, 1, 1, 1, 1, 1]",0,62.96296296296296,0.0,0.0,100.0,0.32499999999999996,0.0,0.0,0.0
28,0.1466590017080307,5.216348826885223,57.57575607299805,0.41399416909621,,,4.920286595821381,63.043479919433594,0.447714949651433,,,0.9680072516202927,62.96296310424805,0.2819148936170214,,,1.6138995289802551,40.74074172973633,0.19946091644204844,,,,,,,,,0,55.55555555555556,51.85185185185185,74.07407407407408,100.0,0.31063829787234043,0.0,0.0,0.0,,,,,,,,,0,62.96296296296296,0.0,0.0,100.0,0.32499999999999996,0.0,0.0,0.0
29,0.16126875579357147,5.223694741725922,59.09090805053711,0.43223928004235057,,,4.8992109298706055,63.043479919433594,0.447714949651433,,,0.9484507739543915,62.96296310424805,0.2819148936170214,,,1.622140258550644,40.74074172973633,0.19946091644204844,,,,,,,,,0,55.55555555555556,51.85185185185185,74.07407407407408,100.0,0.31063829787234043,0.0,0.0,0.0,,,,,,,,,0,62.96296296296296,0.0,0.0,100.0,0.32499999999999996,0.0,0.0,0.0
30,0.1334632784128189,5.279968321323395,57.57575607299805,0.41399416909621,,,4.943450093269348,61.59420394897461,0.4531946508172363,,,0.9444616436958313,62.96296310424805,0.2819148936170214,,,1.6255657374858856,40.74074172973633,0.19946091644204844,,,,,,,,,0,55.55555555555556,51.85185185185185,74.07407407407408,100.0,0.31063829787234043,0.0,0.0,0.0,,,,,,,,,0,62.96296296296296,0.0,0.0,100.0,0.32499999999999996,0.0,0.0,0.0
31,0.1516004353761673,5.233355328440666,60.60606002807617,0.4504361617763679,,,5.0107516795396805,63.043479919433594,0.4910778015703069,,,0.9362241923809052,62.96296310424805,0.2819148936170214,,,1.6200962364673615,40.74074172973633,0.19946091644204844,,,,,,,,,0,55.55555555555556,51.85185185185185,74.07407407407408,100.0,0.31063829787234043,0.0,0.0,0.0,,,,,,,,,0,62.96296296296296,0.0,0.0,100.0,0.32499999999999996,0.0,0.0,0.0
32,0.15361380577087402,5.3206445425748825,57.57575607299805,0.41399416909621,,,5.011323772370815,63.043479919433594,0.4910778015703069,,,0.9617414325475693,62.96296310424805,0.2819148936170214,,,1.6772270202636719,40.74074172973633,0.19946091644204844,,,,,,,,,0,55.55555555555556,51.85185185185185,74.07407407407408,100.0,0.31063829787234043,0.0,0.0,0.0,,,,,,,,,0,62.96296296296296,0.0,0.0,100.0,0.32499999999999996,0.0,0.0,0.0
33,0.1773795336484909,5.372967049479485,57.57575607299805,0.38230769230769235,,,5.023245885968208,63.043479919433594,0.49753347427766026,,,0.9632412195205688,62.96296310424805,0.2819148936170214,,,1.6688153445720673,40.74074172973633,0.19946091644204844,,,,,,,,,0,55.55555555555556,51.85185185185185,74.07407407407408,100.0,0.31063829787234043,0.0,0.0,0.0,,,,,,,,,0,62.96296296296296,0.0,0.0,100.0,0.32499999999999996,0.0,0.0,0.0
34,0.12863916158676147,5.471896752715111,56.06060791015625,0.38463451019393347,,,5.185230568051338,60.869564056396484,0.4625429553264604,,,1.0116692185401917,62.96296310424805,0.2819148936170214,,,1.7461940348148346,40.74074172973633,0.19946091644204844,,,,,,,,,0,55.55555555555556,51.85185185185185,74.07407407407408,100.0,0.31063829787234043,0.0,0.0,0.0,,,,,,,,,0,62.96296296296296,0.0,0.0,100.0,0.32499999999999996,0.0,0.0,0.0
35,0.14158177375793457,5.499429270625114,56.06060791015625,0.38463451019393347,,,5.101077318191528,61.59420394897461,0.5006784260515603,,,0.9804556965827942,62.96296310424805,0.2819148936170214,,,1.708838939666748,40.74074172973633,0.19946091644204844,,,,,,,,,0,55.55555555555556,51.85185185185185,74.07407407407408,100.0,0.31063829787234043,0.0,0.0,0.0,,,,,,,,,0,62.96296296296296,0.0,0.0,100.0,0.32499999999999996,0.0,0.0,0.0
36,0.14614929258823395,5.55777832865715,56.06060791015625,0.43724420190995905,,,5.172798618674278,59.4202880859375,0.466887417218543,,,1.0151890963315964,66.66666412353516,0.3450134770889488,,,1.7604557275772095,37.03703689575195,0.18396846254927746,,,,,,,,,0,59.25925925925925,51.85185185185185,74.07407407407408,100.0,0.3501094091903719,0.0,0.0,0.0,,,,,,,,,0,59.25925925925925,0.0,0.0,100.0,0.2905718701700154,0.0,0.0,0.0
37,0.11050987243652344,5.503770247101784,57.57575607299805,0.45287304110833526,"[3, 4, 4, 4, 3, 3, 3, 4, 3, 3, 3, 3, 3, 4, 4, 3, 3, 3, 4, 3, 3, 4, 2, 3, 4, 3, 3, 4, 3, 3, 2, 3, 3, 3, 4, 4, 4, 3, 4, 3, 3, 3, 4, 4, 2, 3, 4, 4, 3, 2, 3, 5, 4, 4, 4, 3, 3, 3, 3, 3, 2, 3, 3, 4, 3, 3, 3, 3, 5, 3, 4, 3, 4, 4, 3, 3, 3, 3, 3, 3, 4, 4, 3, 4, 5, 4, 4, 3, 3, 3, 4, 2, 3, 3, 3, 3, 2, 4, 3, 5, 3, 2, 3, 0, 3, 3, 4, 1, 4, 3, 4, 4, 3, 3, 4, 3, 3, 5, 4, 4, 4, 4, 4, 3, 3, 3, 3, 3, 3, 4, 4, 2, 3, 4, 3, 3, 3, 4]","[4, 4, 3, 5, 3, 3, 3, 4, 4, 4, 3, 4, 4, 3, 4, 4, 3, 3, 4, 3, 3, 4, 3, 3, 4, 3, 3, 3, 3, 3, 3, 4, 4, 3, 4, 4, 4, 3, 5, 3, 4, 4, 4, 4, 3, 3, 3, 5, 4, 3, 3, 4, 5, 3, 4, 4, 3, 3, 4, 4, 3, 3, 4, 4, 4, 4, 3, 4, 4, 3, 3, 3, 4, 4, 3, 4, 4, 3, 3, 4, 4, 4, 3, 4, 5, 4, 4, 3, 3, 3, 4, 3, 4, 4, 4, 3, 3, 4, 3, 5, 3, 3, 3, 3, 3, 4, 5, 3, 4, 3, 4, 4, 3, 3, 4, 3, 3, 5, 4, 4, 3, 3, 4, 4, 3, 3, 3, 3, 3, 3, 4, 3, 4, 4, 3, 3, 3, 3]",5.1215424835681915,60.144927978515625,0.5065019505851756,"[3, 3, 4, 3, 4, 4, 4, 3, 3, 3, 4, 4, 4, 4, 4, 3, 4, 4, 3, 4, 3, 3, 3, 4, 4, 5, 3]","[3, 4, 4, 4, 4, 4, 4, 4, 3, 4, 4, 4, 4, 4, 4, 4, 4, 4, 4, 3, 3, 3, 4, 4, 4, 4, 4]",0.9888420552015305,62.96296310424805,0.2819148936170214,"[3, 3, 3, 3, 3, 3, 3, 4, 3, 2, 4, 3, 4, 3, 4, 3, 3, 4, 3, 3, 1, 3, 4, 3, 4, 3, 3]","[3, 4, 4, 4, 4, 4, 4, 4, 3, 4, 4, 4, 4, 4, 4, 4, 4, 4, 4, 3, 3, 3, 4, 4, 4, 4, 4]",1.7237631380558014,40.74074172973633,0.19946091644204844,"[3, 3, 4, 3, 4, 4, 4, 3, 3, 3, 4, 4, 5, 4, 5, 4, 4, 5, 3, 4, 3, 3, 3, 4, 4, 5, 3]","[4, 4, 4, 3, 4, 4, 3, 4, 3, 4, 3, 4, 3, 3, 3, 2, 4, 4, 2, 3, 3, 4, 3, 3, 4, 4, 4]","[4, 3, 3, 4, 4, 3, 4, 4, 4, 4, 4, 4, 4, 3, 4, 4, 3, 3, 4, 4, 4, 4, 4, 4, 3, 4, 4]","[1, 1, 1, 1, 1, 1, 1, 1, 1, 1, 1, 1, 1, 1, 1, 1, 1, 1, 1, 1, 1, 1, 1, 1, 1, 1, 1]","[3, 4, 4, 4, 4, 4, 4, 4, 3, 4, 4, 4, 4, 4, 4, 4, 4, 4, 4, 3, 3, 3, 4, 4, 4, 4, 4]","[4, 4, 4, 4, 4, 4, 4, 4, 4, 4, 4, 4, 4, 4, 4, 4, 4, 4, 4, 4, 4, 4, 4, 4, 4, 4, 4]","[4, 4, 4, 4, 4, 4, 4, 4, 4, 4, 4, 4, 4, 4, 4, 4, 4, 4, 4, 4, 4, 4, 4, 4, 4, 4, 4]","[1, 1, 1, 1, 1, 1, 1, 1, 1, 1, 1, 1, 1, 1, 1, 1, 1, 1, 1, 1, 1, 1, 1, 1, 1, 1, 1]",0,55.55555555555556,51.85185185185185,74.07407407407408,100.0,0.31063829787234043,0.0,0.0,0.0,"[3, 4, 3, 3, 3, 3, 4, 4, 3, 2, 4, 4, 4, 4, 4, 3, 4, 4, 3, 3, 1, 3, 4, 4, 4, 3, 3]","[2, 3, 2, 2, 2, 2, 3, 3, 3, 2, 3, 3, 3, 2, 3, 2, 2, 3, 2, 2, 2, 2, 3, 3, 3, 2, 3]","[2, 2, 2, 2, 3, 2, 2, 3, 2, 2, 3, 2, 3, 2, 3, 2, 2, 3, 2, 2, 2, 2, 3, 2, 3, 2, 3]","[1, 1, 1, 1, 1, 1, 1, 1, 1, 1, 1, 1, 1, 1, 1, 1, 1, 1, 1, 1, 1, 1, 1, 1, 1, 1, 1]","[3, 4, 4, 4, 4, 4, 4, 4, 3, 4, 4, 4, 4, 4, 4, 4, 4, 4, 4, 3, 3, 3, 4, 4, 4, 4, 4]","[4, 4, 4, 4, 4, 4, 4, 4, 4, 4, 4, 4, 4, 4, 4, 4, 4, 4, 4, 4, 4, 4, 4, 4, 4, 4, 4]","[4, 4, 4, 4, 4, 4, 4, 4, 4, 4, 4, 4, 4, 4, 4, 4, 4, 4, 4, 4, 4, 4, 4, 4, 4, 4, 4]","[1, 1, 1, 1, 1, 1, 1, 1, 1, 1, 1, 1, 1, 1, 1, 1, 1, 1, 1, 1, 1, 1, 1, 1, 1, 1, 1]",0,62.96296296296296,0.0,0.0,100.0,0.32499999999999996,0.0,0.0,0.0
38,0.14317454397678375,5.679173767566681,53.787879943847656,0.466824644549763,"[3, 4, 4, 4, 3, 3, 3, 4, 3, 3, 3, 3, 3, 4, 4, 3, 3, 3, 4, 3, 3, 4, 2, 3, 4, 3, 3, 4, 3, 3, 2, 3, 3, 3, 4, 4, 4, 3, 4, 3, 3, 3, 4, 4, 2, 3, 4, 4, 3, 2, 3, 5, 4, 4, 4, 3, 3, 3, 3, 3, 2, 3, 3, 4, 3, 3, 3, 3, 5, 3, 4, 3, 4, 4, 3, 3, 3, 3, 3, 3, 4, 4, 3, 4, 5, 4, 4, 3, 3, 3, 4, 2, 3, 3, 3, 3, 2, 4, 3, 5, 3, 2, 3, 0, 3, 3, 4, 1, 4, 3, 4, 4, 3, 3, 4, 3, 3, 5, 4, 4, 4, 4, 4, 3, 3, 3, 3, 3, 3, 4, 4, 2, 3, 4, 3, 3, 3, 4]","[4, 4, 3, 5, 3, 3, 3, 4, 4, 4, 3, 4, 4, 4, 4, 4, 3, 3, 5, 3, 3, 4, 3, 3, 4, 3, 3, 3, 3, 3, 4, 4, 4, 3, 4, 4, 4, 3, 5, 3, 4, 4, 4, 4, 3, 3, 3, 5, 4, 3, 3, 4, 5, 3, 4, 4, 3, 3, 4, 4, 3, 4, 4, 4, 4, 4, 3, 4, 4, 3, 4, 3, 4, 4, 3, 4, 4, 3, 3, 4, 4, 4, 3, 4, 5, 4, 4, 3, 3, 3, 4, 3, 4, 4, 4, 3, 3, 4, 3, 5, 4, 3, 3, 3, 3, 4, 5, 3, 4, 3, 4, 4, 3, 3, 5, 3, 4, 5, 4, 4, 3, 3, 4, 4, 3, 3, 3, 3, 3, 3, 4, 3, 4, 4, 3, 3, 3, 3]",5.315155163407326,57.97101593017578,0.48888888888888893,"[3, 3, 4, 3, 4, 4, 4, 3, 3, 3, 4, 4, 4, 4, 4, 3, 4, 4, 3, 4, 3, 3, 3, 4, 4, 5, 3]","[3, 4, 4, 4, 4, 4, 4, 4, 3, 4, 4, 4, 4, 4, 4, 4, 4, 4, 4, 4, 3, 3, 4, 4, 4, 4, 4]",1.0577219426631927,66.66666412353516,0.3450134770889488,"[3, 3, 3, 3, 3, 3, 3, 4, 3, 2, 4, 3, 4, 3, 4, 3, 3, 4, 3, 3, 1, 3, 4, 3, 4, 3, 3]","[3, 4, 4, 4, 4, 4, 4, 4, 3, 4, 4, 4, 4, 4, 4, 4, 4, 4, 4, 4, 3, 3, 4, 4, 4, 4, 4]",1.7575497329235077,37.03703689575195,0.18396846254927746,"[3, 3, 4, 3, 4, 4, 4, 3, 3, 3, 4, 4, 5, 4, 5, 4, 4, 5, 3, 4, 3, 3, 3, 4, 4, 5, 3]","[4, 4, 4, 3, 4, 4, 3, 4, 3, 4, 3, 4, 3, 3, 3, 2, 4, 4, 2, 3, 3, 4, 3, 3, 4, 4, 4]","[4, 3, 3, 4, 4, 3, 4, 4, 4, 4, 4, 4, 4, 3, 4, 4, 3, 3, 4, 4, 4, 4, 4, 4, 3, 4, 4]","[1, 1, 1, 1, 1, 1, 1, 1, 1, 1, 1, 1, 1, 1, 1, 1, 1, 1, 1, 1, 1, 1, 1, 1, 1, 1, 1]","[3, 4, 4, 4, 4, 4, 4, 4, 3, 4, 4, 4, 4, 4, 4, 4, 4, 4, 4, 4, 3, 3, 4, 4, 4, 4, 4]","[4, 4, 4, 4, 4, 4, 4, 4, 4, 4, 4, 4, 4, 4, 4, 4, 4, 4, 4, 4, 4, 4, 4, 4, 4, 4, 4]","[4, 4, 4, 4, 4, 4, 4, 4, 4, 4, 4, 4, 4, 4, 4, 4, 4, 4, 4, 4, 4, 4, 4, 4, 4, 4, 4]","[1, 1, 1, 1, 1, 1, 1, 1, 1, 1, 1, 1, 1, 1, 1, 1, 1, 1, 1, 1, 1, 1, 1, 1, 1, 1, 1]",0,59.25925925925925,51.85185185185185,74.07407407407408,100.0,0.3501094091903719,0.0,0.0,0.0,"[3, 4, 3, 3, 3, 3, 4, 4, 3, 2, 4, 4, 4, 4, 4, 3, 4, 4, 3, 3, 1, 3, 4, 4, 4, 3, 3]","[2, 3, 2, 2, 2, 2, 3, 3, 3, 2, 3, 3, 3, 2, 3, 2, 2, 3, 2, 2, 2, 2, 3, 3, 3, 2, 3]","[2, 2, 2, 2, 3, 2, 2, 3, 2, 2, 3, 2, 3, 2, 3, 2, 2, 3, 2, 2, 2, 2, 3, 2, 3, 2, 3]","[1, 1, 1, 1, 1, 1, 1, 1, 1, 1, 1, 1, 1, 1, 1, 1, 1, 1, 1, 1, 1, 1, 1, 1, 1, 1, 1]","[3, 4, 4, 4, 4, 4, 4, 4, 3, 4, 4, 4, 4, 4, 4, 4, 4, 4, 4, 4, 3, 3, 4, 4, 4, 4, 4]","[4, 4, 4, 4, 4, 4, 4, 4, 4, 4, 4, 4, 4, 4, 4, 4, 4, 4, 4, 4, 4, 4, 4, 4, 4, 4, 4]","[4, 4, 4, 4, 4, 4, 4, 4, 4, 4, 4, 4, 4, 4, 4, 4, 4, 4, 4, 4, 4, 4, 4, 4, 4, 4, 4]","[1, 1, 1, 1, 1, 1, 1, 1, 1, 1, 1, 1, 1, 1, 1, 1, 1, 1, 1, 1, 1, 1, 1, 1, 1, 1, 1]",0,59.25925925925925,0.0,0.0,100.0,0.2905718701700154,0.0,0.0,0.0
39,0.1395193189382553,5.669344380497932,53.787879943847656,0.466824644549763,,,5.254440873861313,59.4202880859375,0.48562300319488816,,,1.043548509478569,66.66666412353516,0.3450134770889488,,,1.80014768242836,37.03703689575195,0.18396846254927746,,,,,,,,,0,59.25925925925925,51.85185185185185,74.07407407407408,100.0,0.3501094091903719,0.0,0.0,0.0,,,,,,,,,0,59.25925925925925,0.0,0.0,100.0,0.2905718701700154,0.0,0.0,0.0
40,0.13875757157802582,5.580305993556976,54.54545593261719,0.4537833190025795,,,5.2019918113946915,57.97101593017578,0.4678663239074551,,,1.0321527868509293,66.66666412353516,0.3450134770889488,,,1.7773193717002869,37.03703689575195,0.18396846254927746,,,,,,,,,0,59.25925925925925,51.85185185185185,74.07407407407408,100.0,0.3501094091903719,0.0,0.0,0.0,,,,,,,,,0,59.25925925925925,0.0,0.0,100.0,0.2905718701700154,0.0,0.0,0.0
41,0.21680407226085663,5.730975270271301,54.54545593261719,0.467741935483871,"[3, 4, 4, 4, 3, 3, 3, 4, 3, 3, 3, 3, 3, 4, 4, 3, 3, 3, 4, 3, 3, 4, 2, 3, 4, 3, 3, 4, 3, 3, 2, 3, 3, 3, 4, 4, 4, 3, 4, 3, 3, 3, 4, 4, 2, 3, 4, 4, 3, 2, 3, 5, 4, 4, 4, 3, 3, 3, 3, 3, 2, 3, 3, 4, 3, 3, 3, 3, 5, 3, 4, 3, 4, 4, 3, 3, 3, 3, 3, 3, 4, 4, 3, 4, 5, 4, 4, 3, 3, 3, 4, 2, 3, 3, 3, 3, 2, 4, 3, 5, 3, 2, 3, 0, 3, 3, 4, 1, 4, 3, 4, 4, 3, 3, 4, 3, 3, 5, 4, 4, 4, 4, 4, 3, 3, 3, 3, 3, 3, 4, 4, 2, 3, 4, 3, 3, 3, 4]","[4, 4, 3, 5, 3, 3, 3, 4, 4, 4, 3, 4, 4, 4, 4, 4, 3, 3, 5, 3, 3, 4, 3, 3, 4, 3, 3, 3, 3, 4, 4, 4, 4, 4, 4, 4, 4, 3, 5, 3, 4, 4, 4, 4, 3, 3, 3, 5, 4, 3, 3, 4, 5, 3, 4, 4, 3, 3, 4, 4, 3, 4, 4, 4, 4, 4, 3, 4, 4, 3, 4, 3, 4, 4, 3, 4, 4, 3, 4, 4, 4, 4, 3, 4, 5, 4, 4, 3, 3, 3, 4, 3, 4, 4, 4, 3, 3, 4, 3, 5, 4, 3, 3, 3, 3, 4, 5, 3, 4, 4, 4, 4, 3, 3, 5, 3, 4, 5, 4, 4, 3, 3, 4, 4, 3, 3, 3, 3, 3, 3, 4, 3, 4, 4, 3, 3, 3, 3]",5.4752747267484665,55.07246398925781,0.46642246642246643,"[3, 3, 4, 3, 4, 4, 4, 3, 3, 3, 4, 4, 4, 4, 4, 3, 4, 4, 3, 4, 3, 3, 3, 4, 4, 5, 3]","[3, 4, 4, 4, 4, 4, 4, 4, 3, 4, 4, 4, 4, 4, 4, 4, 4, 4, 4, 4, 3, 3, 4, 4, 4, 4, 4]",1.1140722334384918,66.66666412353516,0.3450134770889488,"[3, 3, 3, 3, 3, 3, 3, 4, 3, 2, 4, 3, 4, 3, 4, 3, 3, 4, 3, 3, 1, 3, 4, 3, 4, 3, 3]","[3, 4, 4, 4, 4, 4, 4, 4, 3, 4, 4, 4, 4, 4, 4, 4, 4, 4, 4, 4, 3, 3, 4, 4, 4, 4, 4]",1.86909019947052,37.03703689575195,0.18396846254927746,"[3, 3, 4, 3, 4, 4, 4, 3, 3, 3, 4, 4, 5, 4, 5, 4, 4, 5, 3, 4, 3, 3, 3, 4, 4, 5, 3]","[4, 4, 4, 3, 4, 4, 3, 4, 3, 4, 3, 4, 3, 3, 3, 2, 4, 4, 2, 3, 3, 4, 3, 3, 4, 4, 4]","[4, 3, 3, 4, 4, 3, 4, 4, 4, 4, 4, 4, 4, 3, 4, 4, 3, 3, 4, 4, 4, 4, 4, 4, 3, 4, 4]","[1, 1, 1, 1, 1, 1, 1, 1, 1, 1, 1, 1, 1, 1, 1, 1, 1, 1, 1, 1, 1, 1, 1, 1, 1, 1, 1]","[3, 4, 4, 4, 4, 4, 4, 4, 3, 4, 4, 4, 4, 4, 4, 4, 4, 4, 4, 4, 3, 3, 4, 4, 4, 4, 4]","[4, 4, 4, 4, 4, 4, 4, 4, 4, 4, 4, 4, 4, 4, 4, 4, 4, 4, 4, 4, 4, 4, 4, 4, 4, 4, 4]","[4, 4, 4, 4, 4, 4, 4, 4, 4, 4, 4, 4, 4, 4, 4, 4, 4, 4, 4, 4, 4, 4, 4, 4, 4, 4, 4]","[1, 1, 1, 1, 1, 1, 1, 1, 1, 1, 1, 1, 1, 1, 1, 1, 1, 1, 1, 1, 1, 1, 1, 1, 1, 1, 1]",0,59.25925925925925,51.85185185185185,74.07407407407408,100.0,0.3501094091903719,0.0,0.0,0.0,"[3, 4, 3, 3, 3, 3, 4, 4, 3, 2, 4, 4, 4, 4, 4, 3, 4, 4, 3, 3, 1, 3, 4, 4, 4, 3, 3]","[2, 3, 2, 2, 2, 2, 3, 3, 3, 2, 3, 3, 3, 2, 3, 2, 2, 3, 2, 2, 2, 2, 3, 3, 3, 2, 3]","[2, 2, 2, 2, 3, 2, 2, 3, 2, 2, 3, 2, 3, 2, 3, 2, 2, 3, 2, 2, 2, 2, 3, 2, 3, 2, 3]","[1, 1, 1, 1, 1, 1, 1, 1, 1, 1, 1, 1, 1, 1, 1, 1, 1, 1, 1, 1, 1, 1, 1, 1, 1, 1, 1]","[3, 4, 4, 4, 4, 4, 4, 4, 3, 4, 4, 4, 4, 4, 4, 4, 4, 4, 4, 4, 3, 3, 4, 4, 4, 4, 4]","[4, 4, 4, 4, 4, 4, 4, 4, 4, 4, 4, 4, 4, 4, 4, 4, 4, 4, 4, 4, 4, 4, 4, 4, 4, 4, 4]","[4, 4, 4, 4, 4, 4, 4, 4, 4, 4, 4, 4, 4, 4, 4, 4, 4, 4, 4, 4, 4, 4, 4, 4, 4, 4, 4]","[1, 1, 1, 1, 1, 1, 1, 1, 1, 1, 1, 1, 1, 1, 1, 1, 1, 1, 1, 1, 1, 1, 1, 1, 1, 1, 1]",0,59.25925925925925,0.0,0.0,100.0,0.2905718701700154,0.0,0.0,0.0
42,0.16297200322151184,5.66488391160965,54.54545593261719,0.46829880728185813,"[3, 4, 4, 4, 3, 3, 3, 4, 3, 3, 3, 3, 3, 4, 4, 3, 3, 3, 4, 3, 3, 4, 2, 3, 4, 3, 3, 4, 3, 3, 2, 3, 3, 3, 4, 4, 4, 3, 4, 3, 3, 3, 4, 4, 2, 3, 4, 4, 3, 2, 3, 5, 4, 4, 4, 3, 3, 3, 3, 3, 2, 3, 3, 4, 3, 3, 3, 3, 5, 3, 4, 3, 4, 4, 3, 3, 3, 3, 3, 3, 4, 4, 3, 4, 5, 4, 4, 3, 3, 3, 4, 2, 3, 3, 3, 3, 2, 4, 3, 5, 3, 2, 3, 0, 3, 3, 4, 1, 4, 3, 4, 4, 3, 3, 4, 3, 3, 5, 4, 4, 4, 4, 4, 3, 3, 3, 3, 3, 3, 4, 4, 2, 3, 4, 3, 3, 3, 4]","[4, 4, 3, 5, 3, 3, 3, 4, 4, 4, 3, 4, 4, 4, 4, 4, 3, 3, 5, 3, 3, 4, 3, 3, 4, 3, 3, 3, 3, 3, 4, 4, 4, 3, 4, 4, 4, 3, 5, 3, 4, 4, 4, 4, 3, 3, 3, 5, 4, 3, 3, 4, 5, 3, 4, 4, 3, 3, 4, 4, 3, 4, 4, 4, 4, 4, 3, 4, 4, 3, 4, 3, 4, 4, 3, 4, 4, 3, 3, 4, 4, 4, 3, 4, 5, 4, 4, 3, 3, 3, 4, 3, 4, 4, 4, 3, 3, 4, 3, 5, 4, 3, 3, 3, 3, 4, 5, 3, 4, 3, 4, 4, 3, 3, 5, 3, 4, 5, 4, 4, 3, 3, 4, 4, 3, 3, 3, 3, 3, 3, 4, 3, 4, 4, 3, 3, 3, 3]",5.356391787528992,57.97101593017578,0.48888888888888893,"[3, 3, 4, 3, 4, 4, 4, 3, 3, 3, 4, 4, 4, 4, 4, 3, 4, 4, 3, 4, 3, 3, 3, 4, 4, 5, 3]","[3, 4, 4, 4, 4, 4, 4, 4, 3, 4, 4, 4, 4, 4, 4, 4, 4, 4, 4, 4, 3, 3, 4, 4, 4, 4, 4]",1.0937267690896988,66.66666412353516,0.3450134770889488,"[3, 3, 3, 3, 3, 3, 3, 4, 3, 2, 4, 3, 4, 3, 4, 3, 3, 4, 3, 3, 1, 3, 4, 3, 4, 3, 3]","[3, 4, 4, 4, 4, 4, 4, 4, 3, 4, 4, 4, 4, 4, 4, 4, 4, 4, 4, 4, 3, 3, 4, 4, 4, 4, 4]",1.8259100914001465,37.03703689575195,0.18396846254927746,"[3, 3, 4, 3, 4, 4, 4, 3, 3, 3, 4, 4, 5, 4, 5, 4, 4, 5, 3, 4, 3, 3, 3, 4, 4, 5, 3]","[4, 4, 4, 3, 4, 4, 3, 4, 3, 4, 3, 4, 3, 3, 3, 2, 4, 4, 2, 3, 3, 4, 3, 3, 4, 4, 4]","[4, 3, 3, 4, 4, 3, 4, 4, 4, 4, 4, 4, 4, 3, 4, 4, 3, 3, 4, 4, 4, 4, 4, 4, 3, 4, 4]","[1, 1, 1, 1, 1, 1, 1, 1, 1, 1, 1, 1, 1, 1, 1, 1, 1, 1, 1, 1, 1, 1, 1, 1, 1, 1, 1]","[3, 4, 4, 4, 4, 4, 4, 4, 3, 4, 4, 4, 4, 4, 4, 4, 4, 4, 4, 4, 3, 3, 4, 4, 4, 4, 4]","[4, 4, 4, 4, 4, 4, 4, 4, 4, 4, 4, 4, 4, 4, 4, 4, 4, 4, 4, 4, 4, 4, 4, 4, 4, 4, 4]","[4, 4, 4, 4, 4, 4, 4, 4, 4, 4, 4, 4, 4, 4, 4, 4, 4, 4, 4, 4, 4, 4, 4, 4, 4, 4, 4]","[1, 1, 1, 1, 1, 1, 1, 1, 1, 1, 1, 1, 1, 1, 1, 1, 1, 1, 1, 1, 1, 1, 1, 1, 1, 1, 1]",0,59.25925925925925,51.85185185185185,74.07407407407408,100.0,0.3501094091903719,0.0,0.0,0.0,"[3, 4, 3, 3, 3, 3, 4, 4, 3, 2, 4, 4, 4, 4, 4, 3, 4, 4, 3, 3, 1, 3, 4, 4, 4, 3, 3]","[2, 3, 2, 2, 2, 2, 3, 3, 3, 2, 3, 3, 3, 2, 3, 2, 2, 3, 2, 2, 2, 2, 3, 3, 3, 2, 3]","[2, 2, 2, 2, 3, 2, 2, 3, 2, 2, 3, 2, 3, 2, 3, 2, 2, 3, 2, 2, 2, 2, 3, 2, 3, 2, 3]","[1, 1, 1, 1, 1, 1, 1, 1, 1, 1, 1, 1, 1, 1, 1, 1, 1, 1, 1, 1, 1, 1, 1, 1, 1, 1, 1]","[3, 4, 4, 4, 4, 4, 4, 4, 3, 4, 4, 4, 4, 4, 4, 4, 4, 4, 4, 4, 3, 3, 4, 4, 4, 4, 4]","[4, 4, 4, 4, 4, 4, 4, 4, 4, 4, 4, 4, 4, 4, 4, 4, 4, 4, 4, 4, 4, 4, 4, 4, 4, 4, 4]","[4, 4, 4, 4, 4, 4, 4, 4, 4, 4, 4, 4, 4, 4, 4, 4, 4, 4, 4, 4, 4, 4, 4, 4, 4, 4, 4]","[1, 1, 1, 1, 1, 1, 1, 1, 1, 1, 1, 1, 1, 1, 1, 1, 1, 1, 1, 1, 1, 1, 1, 1, 1, 1, 1]",0,59.25925925925925,0.0,0.0,100.0,0.2905718701700154,0.0,0.0,0.0
43,0.1948602795600891,5.8173511028289795,54.54545593261719,0.48206278026905824,"[3, 4, 4, 4, 3, 3, 3, 4, 3, 3, 3, 3, 3, 4, 4, 3, 3, 3, 4, 3, 3, 4, 2, 3, 4, 3, 3, 4, 3, 3, 2, 3, 3, 3, 4, 4, 4, 3, 4, 3, 3, 3, 4, 4, 2, 3, 4, 4, 3, 2, 3, 5, 4, 4, 4, 3, 3, 3, 3, 3, 2, 3, 3, 4, 3, 3, 3, 3, 5, 3, 4, 3, 4, 4, 3, 3, 3, 3, 3, 3, 4, 4, 3, 4, 5, 4, 4, 3, 3, 3, 4, 2, 3, 3, 3, 3, 2, 4, 3, 5, 3, 2, 3, 0, 3, 3, 4, 1, 4, 3, 4, 4, 3, 3, 4, 3, 3, 5, 4, 4, 4, 4, 4, 3, 3, 3, 3, 3, 3, 4, 4, 2, 3, 4, 3, 3, 3, 4]","[4, 4, 4, 5, 3, 3, 3, 4, 4, 4, 3, 4, 4, 4, 4, 4, 3, 3, 5, 3, 3, 4, 3, 3, 4, 3, 3, 3, 3, 4, 4, 4, 4, 4, 4, 4, 4, 3, 5, 3, 4, 4, 4, 4, 3, 3, 3, 5, 4, 3, 3, 4, 5, 3, 4, 4, 3, 3, 4, 4, 3, 4, 4, 4, 4, 4, 3, 4, 4, 3, 4, 3, 4, 4, 3, 4, 4, 3, 4, 4, 4, 4, 3, 4, 5, 4, 4, 3, 3, 3, 4, 3, 4, 4, 4, 3, 2, 4, 3, 5, 4, 3, 4, 3, 3, 4, 5, 2, 4, 4, 4, 4, 3, 3, 5, 3, 4, 5, 4, 4, 3, 3, 4, 4, 3, 3, 3, 3, 3, 3, 4, 3, 4, 4, 3, 3, 3, 3]",5.47799825668335,55.79710006713867,0.5083135391923991,"[3, 3, 4, 3, 4, 4, 4, 3, 3, 3, 4, 4, 4, 4, 4, 3, 4, 4, 3, 4, 3, 3, 3, 4, 4, 5, 3]","[3, 4, 4, 4, 4, 4, 4, 4, 3, 4, 4, 4, 4, 4, 4, 4, 4, 4, 4, 4, 3, 3, 4, 4, 4, 4, 4]",1.13160802423954,66.66666412353516,0.3450134770889488,"[3, 3, 3, 3, 3, 3, 3, 4, 3, 2, 4, 3, 4, 3, 4, 3, 3, 4, 3, 3, 1, 3, 4, 3, 4, 3, 3]","[3, 4, 4, 4, 4, 4, 4, 4, 3, 4, 4, 4, 4, 4, 4, 4, 4, 4, 4, 4, 3, 3, 4, 4, 4, 4, 4]",1.8524287343025208,37.03703689575195,0.18396846254927746,"[3, 3, 4, 3, 4, 4, 4, 3, 3, 3, 4, 4, 5, 4, 5, 4, 4, 5, 3, 4, 3, 3, 3, 4, 4, 5, 3]","[4, 4, 4, 3, 4, 4, 3, 4, 3, 4, 3, 4, 3, 3, 3, 2, 4, 4, 2, 3, 3, 4, 3, 3, 4, 4, 4]","[4, 3, 3, 4, 4, 3, 4, 4, 4, 4, 4, 4, 4, 3, 4, 4, 3, 3, 4, 4, 4, 4, 4, 4, 3, 4, 4]","[1, 1, 1, 1, 1, 1, 1, 1, 1, 1, 1, 1, 1, 1, 1, 1, 1, 1, 1, 1, 1, 1, 1, 1, 1, 1, 1]","[3, 4, 4, 4, 4, 4, 4, 4, 3, 4, 4, 4, 4, 4, 4, 4, 4, 4, 4, 4, 3, 3, 4, 4, 4, 4, 4]","[4, 4, 4, 4, 4, 4, 4, 4, 4, 4, 4, 4, 4, 4, 4, 4, 4, 4, 4, 4, 4, 4, 4, 4, 4, 4, 4]","[4, 4, 4, 4, 4, 4, 4, 4, 4, 4, 4, 4, 4, 4, 4, 4, 4, 4, 4, 4, 4, 4, 4, 4, 4, 4, 4]","[1, 1, 1, 1, 1, 1, 1, 1, 1, 1, 1, 1, 1, 1, 1, 1, 1, 1, 1, 1, 1, 1, 1, 1, 1, 1, 1]",0,59.25925925925925,51.85185185185185,74.07407407407408,100.0,0.3501094091903719,0.0,0.0,0.0,"[3, 4, 3, 3, 3, 3, 4, 4, 3, 2, 4, 4, 4, 4, 4, 3, 4, 4, 3, 3, 1, 3, 4, 4, 4, 3, 3]","[2, 3, 2, 2, 2, 2, 3, 3, 3, 2, 3, 3, 3, 2, 3, 2, 2, 3, 2, 2, 2, 2, 3, 3, 3, 2, 3]","[2, 2, 2, 2, 3, 2, 2, 3, 2, 2, 3, 2, 3, 2, 3, 2, 2, 3, 2, 2, 2, 2, 3, 2, 3, 2, 3]","[1, 1, 1, 1, 1, 1, 1, 1, 1, 1, 1, 1, 1, 1, 1, 1, 1, 1, 1, 1, 1, 1, 1, 1, 1, 1, 1]","[3, 4, 4, 4, 4, 4, 4, 4, 3, 4, 4, 4, 4, 4, 4, 4, 4, 4, 4, 4, 3, 3, 4, 4, 4, 4, 4]","[4, 4, 4, 4, 4, 4, 4, 4, 4, 4, 4, 4, 4, 4, 4, 4, 4, 4, 4, 4, 4, 4, 4, 4, 4, 4, 4]","[4, 4, 4, 4, 4, 4, 4, 4, 4, 4, 4, 4, 4, 4, 4, 4, 4, 4, 4, 4, 4, 4, 4, 4, 4, 4, 4]","[1, 1, 1, 1, 1, 1, 1, 1, 1, 1, 1, 1, 1, 1, 1, 1, 1, 1, 1, 1, 1, 1, 1, 1, 1, 1, 1]",0,59.25925925925925,0.0,0.0,100.0,0.2905718701700154,0.0,0.0,0.0
44,0.18113012611865997,5.868356317281723,53.030303955078125,0.46752450980392146,,,5.524322152137756,53.62318801879883,0.44886031560490947,,,1.1330325305461884,66.66666412353516,0.3450134770889488,,,1.8774605691432953,37.03703689575195,0.18396846254927746,,,,,,,,,0,59.25925925925925,51.85185185185185,74.07407407407408,100.0,0.3501094091903719,0.0,0.0,0.0,,,,,,,,,0,59.25925925925925,0.0,0.0,100.0,0.2905718701700154,0.0,0.0,0.0
45,0.18473424017429352,5.900275111198425,50.75757598876953,0.48047030689517733,,,5.488527789711952,55.07246398925781,0.45945945945945943,,,1.1375069916248322,66.66666412353516,0.3450134770889488,,,1.7900948524475098,37.03703689575195,0.18396846254927746,,,,,,,,,0,59.25925925925925,51.85185185185185,62.96296296296296,100.0,0.3501094091903719,0.0,-0.19580419580419584,0.0,,,,,,,,,0,59.25925925925925,0.0,11.11111111111111,100.0,0.2905718701700154,0.0,0.0547945205479452,0.0
46,0.14560073614120483,5.877591162919998,50.75757598876953,0.48047030689517733,,,5.393175765872002,57.97101593017578,0.48099762470308793,,,1.0977845937013626,62.96296310424805,0.2819148936170214,,,1.6336012482643127,40.74074172973633,0.19946091644204844,,,,,,,,,0,59.25925925925925,51.85185185185185,59.25925925925925,100.0,0.3501094091903719,0.0,-0.05432937181663822,0.0,,,,,,,,,0,59.25925925925925,0.0,18.51851851851852,100.0,0.2905718701700154,0.0,0.09852216748768483,0.0
47,0.16625195741653442,6.013370230793953,49.24242401123047,0.4804560260586319,,,5.58577024936676,53.62318801879883,0.49246501614639393,,,1.1467771232128143,55.55555725097656,0.31645569620253167,,,1.7681828439235687,33.33333206176758,0.2702702702702704,,,,,,,,,0,66.66666666666666,51.85185185185185,59.25925925925925,100.0,0.549165120593692,0.0,-0.05432937181663822,0.0,,,,,,,,,0,51.85185185185185,0.0,18.51851851851852,100.0,0.3328998699609883,0.0,0.09852216748768483,0.0
48,0.16935688257217407,6.0516204833984375,49.24242401123047,0.4804560260586319,,,5.678983092308044,54.34782791137695,0.45300113250283125,,,1.1876642107963562,59.25925827026367,0.36673773987206837,,,1.880808562040329,29.629629135131836,0.25578831312017647,,,,,,,,,0,66.66666666666666,51.85185185185185,62.96296296296296,100.0,0.549165120593692,0.0,-0.19580419580419584,0.0,,,,,,,,,0,51.85185185185185,0.0,11.11111111111111,100.0,0.3328998699609883,0.0,0.0547945205479452,0.0
49,0.1999434381723404,6.234661862254143,47.727272033691406,0.43113772455089816,,,5.820543572306633,48.550724029541016,0.44665271966527187,,,1.2354020476341248,59.25925827026367,0.36673773987206837,,,1.995720386505127,29.629629135131836,0.25578831312017647,,,,,,,,,0,66.66666666666666,51.85185185185185,62.96296296296296,100.0,0.549165120593692,0.0,-0.19580419580419584,0.0,,,,,,,,,0,51.85185185185185,0.0,11.11111111111111,100.0,0.3328998699609883,0.0,0.0547945205479452,0.0
50,0.15569214522838593,6.136689603328705,49.24242401123047,0.45438996579247426,,,5.7348547875881195,52.89855194091797,0.44841048522030114,,,1.2208507061004639,59.25925827026367,0.36673773987206837,,,1.991950899362564,29.629629135131836,0.25578831312017647,,,,,,,,,0,66.66666666666666,51.85185185185185,62.96296296296296,100.0,0.549165120593692,0.0,-0.19580419580419584,0.0,,,,,,,,,0,51.85185185185185,0.0,11.11111111111111,100.0,0.3328998699609883,0.0,0.0547945205479452,0.0
51,0.20069946348667145,6.280213117599487,48.48484802246094,0.4287616511318242,,,5.82722906768322,50.0,0.4426494345718901,,,1.2550148665904999,59.25925827026367,0.36673773987206837,,,2.0550311505794525,29.629629135131836,0.25578831312017647,,,,,,,,,0,62.96296296296296,51.85185185185185,62.96296296296296,100.0,0.4866920152091254,0.0,-0.19580419580419584,0.0,,,,,,,,,0,48.148148148148145,0.0,11.11111111111111,100.0,0.3041237113402062,0.0,0.0547945205479452,0.0
52,0.1896907240152359,6.412790760397911,48.48484802246094,0.44223625557206536,,,6.0690770745277405,50.0,0.4426494345718901,,,1.2690236270427704,62.96296310424805,0.3571428571428572,,,2.161450982093811,33.33333206176758,0.223021582733813,,,,,,,,,0,59.25925925925925,51.85185185185185,74.07407407407408,100.0,0.3876288659793814,0.0,0.0,0.0,,,,,,,,,0,51.85185185185185,0.0,0.0,100.0,0.28251748251748254,0.0,0.0,0.0
53,0.19656915962696075,6.446669444441795,50.0,0.427485380116959,,,6.062457509338856,51.449275970458984,0.43840177580466144,,,1.272881418466568,66.66666412353516,0.3450134770889488,,,2.172559231519699,37.03703689575195,0.18396846254927746,,,,,,,,,0,55.55555555555556,51.85185185185185,70.37037037037037,100.0,0.2702702702702702,0.0,-0.10408921933085513,0.0,,,,,,,,,0,55.55555555555556,0.0,3.7037037037037033,100.0,0.25688073394495414,0.0,0.017021276595744594,0.0
54,0.20394784212112427,6.776800066232681,48.48484802246094,0.44171779141104306,,,6.3749967738986015,45.65217208862305,0.42797927461139895,,,1.312034010887146,59.25925827026367,0.36673773987206837,,,2.2835155725479126,29.629629135131836,0.25578831312017647,,,,,,,,,0,62.96296296296296,51.85185185185185,74.07407407407408,100.0,0.4866920152091254,0.0,0.0,0.0,,,,,,,,,0,48.148148148148145,0.0,0.0,100.0,0.3041237113402062,0.0,0.0,0.0
55,0.19323986768722534,6.777943968772888,46.212120056152344,0.4317415231670513,,,6.4153449311852455,45.65217208862305,0.42797927461139895,,,1.326188176870346,59.25925827026367,0.2702702702702703,,,2.2951743602752686,25.925926208496094,0.2836734693877552,,,,,,,,,0,62.96296296296296,51.85185185185185,74.07407407407408,100.0,0.3809523809523808,0.0,0.0,0.0,,,,,,,,,0,44.44444444444444,0.0,0.0,100.0,0.32258064516129026,0.0,0.0,0.0
56,0.206674262881279,6.664253324270248,46.212120056152344,0.432245477119546,,,6.291848748922348,47.10144805908203,0.4372722540343571,,,1.299338161945343,59.25925827026367,0.2702702702702703,,,2.2787774801254272,25.925926208496094,0.2836734693877552,,,,,,,,,0,62.96296296296296,51.85185185185185,74.07407407407408,100.0,0.3809523809523808,0.0,0.0,0.0,,,,,,,,,0,44.44444444444444,0.0,0.0,100.0,0.32258064516129026,0.0,0.0,0.0
57,0.20710475742816925,6.69390943646431,46.212120056152344,0.432245477119546,,,6.347825787961483,48.550724029541016,0.44665271966527187,,,1.2970199286937714,59.25925827026367,0.2702702702702703,,,2.2713467478752136,25.925926208496094,0.2836734693877552,,,,,,,,,0,62.96296296296296,51.85185185185185,74.07407407407408,100.0,0.3809523809523808,0.0,0.0,0.0,,,,,,,,,0,44.44444444444444,0.0,0.0,100.0,0.32258064516129026,0.0,0.0,0.0
58,0.21639354526996613,6.919048458337784,46.212120056152344,0.4312366737739872,,,6.643172524869442,45.65217208862305,0.4117352056168506,,,1.3381546437740326,59.25925827026367,0.2702702702702703,,,2.3538618683815002,25.925926208496094,0.2836734693877552,,,,,,,,,0,62.96296296296296,51.85185185185185,74.07407407407408,100.0,0.3809523809523808,0.0,0.0,0.0,,,,,,,,,0,44.44444444444444,0.0,0.0,100.0,0.32258064516129026,0.0,0.0,0.0
59,0.16846400499343872,6.593178361654282,46.212120056152344,0.432245477119546,,,6.199667721986771,48.550724029541016,0.44665271966527187,,,1.282520592212677,59.25925827026367,0.36673773987206837,,,2.231268495321274,29.629629135131836,0.25578831312017647,,,,,,,,,0,66.66666666666666,51.85185185185185,74.07407407407408,100.0,0.549165120593692,0.0,0.0,0.0,,,,,,,,,0,51.85185185185185,0.0,0.0,100.0,0.3328998699609883,0.0,0.0,0.0
60,0.17381952702999115,6.52564050257206,46.969696044921875,0.4299777117384844,,,6.083081416785717,51.449275970458984,0.45238095238095233,,,1.2397736459970474,66.66666412353516,0.3450134770889488,,,2.2292792201042175,37.03703689575195,0.18396846254927746,,,,,,,,,0,59.25925925925925,51.85185185185185,74.07407407407408,100.0,0.3501094091903719,0.0,0.0,0.0,,,,,,,,,0,59.25925925925925,0.0,0.0,100.0,0.2905718701700154,0.0,0.0,0.0
61,0.15733154118061066,6.51435986161232,46.969696044921875,0.4305065874930415,,,5.96156258136034,51.449275970458984,0.42695356738391843,,,1.2207489758729935,66.66666412353516,0.3450134770889488,,,2.215891480445862,37.03703689575195,0.18396846254927746,,,,,,,,,0,59.25925925925925,51.85185185185185,74.07407407407408,100.0,0.3501094091903719,0.0,0.0,0.0,,,,,,,,,0,59.25925925925925,0.0,0.0,100.0,0.2905718701700154,0.0,0.0,0.0
62,0.1439111977815628,6.352686583995819,47.727272033691406,0.45601037229116503,,,5.818761415779591,50.72463607788086,0.4632896983494592,,,1.176450327038765,66.66666412353516,0.3450134770889488,,,2.1458024084568024,37.03703689575195,0.18396846254927746,,,,,,,,,0,59.25925925925925,51.85185185185185,74.07407407407408,100.0,0.3501094091903719,0.0,0.0,0.0,,,,,,,,,0,59.25925925925925,0.0,0.0,100.0,0.2905718701700154,0.0,0.0,0.0
63,0.1379440873861313,6.450914636254311,46.969696044921875,0.4571024234919512,,,5.978660963475704,49.27536392211914,0.4614984391259104,,,1.2135073095560074,66.66666412353516,0.3450134770889488,,,2.1774635314941406,37.03703689575195,0.18396846254927746,,,,,,,,,0,59.25925925925925,51.85185185185185,74.07407407407408,100.0,0.3501094091903719,0.0,0.0,0.0,,,,,,,,,0,59.25925925925925,0.0,0.0,100.0,0.2905718701700154,0.0,0.0,0.0
